handle	Day	area	city	topics	types	tools
_kyliejane	01	Australia	Sydney	_	_	_
_kyliejane	02	Australia	Sydney	_	_	_
_kyliejane	03	Australia	Sydney	_	_	_
_kyliejane	04	Australia	Sydney	_	_	_
_kyliejane	05	Australia	Sydney	_	_	QGIS
_kyliejane	06	Australia	Sydney	_	_	_
_kyliejane	07	Australia	Sydney	_	_	QGIS
_kyliejane	08	Australia	Sydney	_	_	_
_kyliejane	09	Australia	Sydney	_	_	QGIS
_kyliejane	10	Australia	Sydney	_	_	QGIS
_kyliejane	11	Australia	Sydney	_	_	_
_kyliejane	12	Australia	Sydney	_	_	_
_kyliejane	13	Australia	Sydney	_	_	_
_kyliejane	14	Australia	Sydney	_	_	_
_kyliejane	15	Australia	Sydney	_	_	QGIS
_kyliejane	20	Australia	Sydney	_	_	_
_kyliejane	28	Australia	Sydney	_	_	QGIS
_penguin_runner	01	_	_	_	_	QGIS
_penguin_runner	02	_	_	_	_	QGIS
_penguin_runner	03	_	_	_	_	QGIS
_penguin_runner	04	_	_	_	_	QGIS
_penguin_runner	05	_	_	_	_	_
_penguin_runner	06	_	_	_	_	QGIS
_penguin_runner	07	_	_	_	_	QGIS
_penguin_runner	08	_	_	_	_	QGIS
_penguin_runner	09	_	_	_	_	QGIS
_penguin_runner	10	_	_	_	_	QGIS
_penguin_runner	11	_	_	_	_	QGIS
_penguin_runner	12	_	_	_	_	QGIS
_penguin_runner	13	_	_	_	_	_
_penguin_runner	14	_	_	_	_	QGIS
_penguin_runner	15	_	_	_	_	QGIS
_penguin_runner	16	_	_	_	_	QGIS
_penguin_runner	17	_	_	_	_	QGIS
_penguin_runner	18	_	_	_	_	QGIS
_penguin_runner	19	_	_	_	_	QGIS
_penguin_runner	20	_	_	_	_	QGIS
_penguin_runner	21	_	_	_	_	QGIS
_penguin_runner	22	_	_	_	_	QGIS
_penguin_runner	23	_	_	_	_	QGIS
_penguin_runner	24	_	_	_	_	QGIS
_penguin_runner	25	_	_	_	_	QGIS
_penguin_runner	26	_	_	_	_	QGIS
_penguin_runner	27	_	_	_	_	QGIS
_penguin_runner	28	_	_	_	_	_
_penguin_runner	29	_	_	_	_	_
_penguin_runner	30	_	_	_	_	_
_sebastianch_	05	_	_	_	_	_
_sebastianch_	11	_	_	_	_	_
_willdebras	01	_	_	_	_	_
_willdebras	05	_	_	_	_	_
1LuisDavid	30	_	_	_	_	R
57x025	01	_	_	_	_	_
57x025	02	_	_	_	_	_
57x025	03	_	_	_	_	_
57x025	04	_	_	_	_	_
57x025	05	_	_	_	_	_
57x025	06	_	_	_	_	_
57x025	07	_	_	_	_	_
57x025	08	_	_	_	_	_
57x025	09	_	_	_	_	_
57x025	10	_	_	_	_	_
57x025	12	_	_	_	_	_
57x025	13	_	_	_	_	_
57x025	14	_	_	_	_	_
57x025	16	_	_	_	_	_
57x025	19	_	_	_	_	_
57x025	28	_	_	_	_	_
7Javier6	15	_	_	_	_	_
7Javier6	17	_	_	_	_	QGIS
7Javier6	19	_	_	_	_	QGIS
7Javier6	21	_	_	_	_	_
7Javier6	22	_	_	_	_	_
7Javier6	24	_	_	_	_	_
7Javier6	27	_	_	_	_	_
7Javier6	29	_	_	_	_	_
a_esceptica	02	_	_	_	_	_
a3065794	03	_	_	_	_	_
ABpdts	01	_	_	_	_	_
ABpdts	03	_	_	_	_	QGIS
ABpdts	04	_	_	_	_	QGIS
ABpdts	06	_	_	_	_	QGIS
ABpdts	07	_	_	_	_	_
ABpdts	08	_	_	_	_	QGIS
ABpdts	09	_	_	_	_	_
ABpdts	10	_	_	_	_	QGIS
adalMC	12	_	_	_	_	_
adalMC	13	_	_	_	_	_
adamdsteer	02	_	_	_	_	_
adamdsteer	06	_	_	_	_	_
adamdsteer	07	_	_	_	_	_
adamdsteer	09	_	_	_	_	_
adamdsteer	11	_	_	_	_	_
adamdsteer	13	_	_	_	_	_
adamdsteer	21	_	_	_	_	_
AdamGruer	01	_	_	_	_	R
AdamGruer	02	_	_	_	_	R
AdamGruer	03	_	_	_	_	R
AdamGruer	04	_	_	_	_	R
AdiBop_	01	_	_	_	_	Mapbox
AdiBop_	02	_	_	_	_	Mapbox
AdiBop_	03	_	_	_	_	_
AdiBop_	04	_	_	_	_	_
AdiBop_	05	_	_	_	_	QGIS,PostGIS
AdiBop_	06	_	_	_	_	_
AdiBop_	07	_	_	_	_	_
AdiBop_	08	_	_	_	_	_
AdiBop_	09	_	_	_	_	QGIS,Mapbox
AdiBop_	10	_	_	_	_	_
AdiBop_	11	_	_	_	_	QGIS
AdiBop_	12	_	_	_	_	_
AdiBop_	13	_	_	_	_	QGIS
AdiBop_	14	_	_	_	_	QGIS
AdiBop_	15	_	_	_	_	Mapbox
AdiBop_	16	_	_	_	_	ArcGIS
AdiBop_	17	_	_	_	_	_
AdiBop_	18	_	_	_	_	QGIS,Mapbox
AdiBop_	19	_	_	_	_	_
AdiBop_	20	_	_	_	_	_
AdiBop_	21	_	_	_	_	QGIS
AdiBop_	22	_	_	_	_	QGIS
AdiBop_	23	_	_	_	_	_
AdiBop_	25	_	_	_	_	_
AdiBop_	30	_	_	_	_	_
adisadit	05	_	_	_	_	QGIS
adisadit	06	_	_	_	_	QGIS
adisadit	08	_	_	_	_	QGIS
adisadit	10	_	_	_	_	_
adisadit	11	_	_	_	_	QGIS
AgroDer	03	_	_	_	_	_
AgroDer	08	_	_	_	_	_
AgroDer	17	_	_	_	_	_
AgroDer	18	_	_	_	_	_
AgroDer	19	_	_	_	_	_
AgroDer	20	_	_	_	_	_
AgroDer	26	_	_	_	_	_
AgroDer	27	_	_	_	_	_
akadouri	01	_	_	_	_	_
akadouri	02	_	_	_	_	_
akadouri	04	_	_	_	_	_
akadouri	06	_	_	_	_	_
akadouri	07	_	_	_	_	_
akadouri	09	_	_	_	_	_
akadouri	10	_	_	_	_	hand drawn
akadouri	11	_	_	_	_	_
akadouri	12	_	_	_	_	_
akadouri	13	_	_	_	_	_
akadouri	14	_	_	_	_	_
akadouri	16	_	_	_	_	_
akadouri	17	_	_	_	_	_
akadouri	18	_	_	_	_	_
akadouri	19	_	_	_	_	_
alastairotter	02	_	_	_	_	_
alastairotter	10	_	_	_	_	D3.js
alastairotter	12	_	_	_	_	_
alastairotter	13	_	_	_	_	_
aletslopez	21	_	_	_	_	_
Alex_geomatic	01	_	_	_	_	_
Alex_geomatic	02	_	_	_	_	_
Alex_geomatic	03	_	_	_	_	_
alexgleith	22	_	_	_	_	Mapbox
AlfieMar93	01	_	_	_	_	_
AlfieMar93	03	_	_	_	_	_
AlfieMar93	07	_	_	_	_	_
Alice_Caron_	21	_	_	_	_	_
Alice_Caron_	22	_	_	_	_	_
Alice_Caron_	23	_	_	_	_	_
Alice_Caron_	24	_	_	_	_	_
Alice_Caron_	25	_	_	_	_	_
Alice_Caron_	26	_	_	_	_	_
Alice_Caron_	27	_	_	_	_	_
Alice_Caron_	28	_	_	_	_	_
Alice_Caron_	29	_	_	_	_	_
Alice_Caron_	30	_	_	_	_	_
alidrisicarto	15	_	_	_	_	_
alidrisicarto	24	_	_	_	_	_
AllisonCully	01	USA	_	crime	points	ArcGIS
AllisonCully	02	Oceania	_	transport	lines	ArcGIS
AllisonCully	03	Canada	_	politics	choropleth	ArcGIS
AllisonCully	04	USA	_	crime	hexagons	ArcGIS
AllisonCully	05	Canada	_	_	_	_
AllisonCully	06	Canada	_	_	_	_
AllisonCully	07	Africa,Europe	_	animals	points	_
AllisonCully	08	Canada	_	_	_	ArcGIS
AllisonCully	09	World	_	health	_	_
AllisonCully	10	Canada	_	_	_	_
AllisonCully	11	Canada	_	_	_	ArcGIS
AllisonCully	12	North America,Central America,South America	_	animals	points,animation,gps	ArcGIS
AllisonCully	13	North America,Central America	_	animals	points,gps	_
AllisonCully	14	India,Pakistan	_	_	_	_
AllisonCully	15	Canada	_	names,animals	points	_
AllisonCully	16	Canada	_	_	points	ArcGIS
AllisonCully	17	World	_	administrative boundaries	uncommon projections	Photoshop
AllisonCully	18	World	_	_	_	ArcGIS
AllisonCully	19	Japan	Tokyo	_	_	ArcGIS
AllisonCully	20	Canada	_	_	_	ArcGIS,Photoshop
AllisonCully	21	Canada	_	_	_	ArcGIS
AllisonCully	22	Italy	Venice	_	_	_
AllisonCully	23	Canada	_	animals	dot density	ArcGIS
AllisonCully	24	World	_	health	choropleth	_
AllisonCully	25	Arctic	_	climate	animation	ArcGIS
AllisonCully	26	USA	_	_	_	ArcGIS
AllisonCully	27	USA	_	_	_	ArcGIS
AllisonCully	29	Canada	_	_	_	ArcGIS
AllisonCully	30	Canada	_	_	_	hand drawn
AlsuhailFaris	01	Finland	Helsinki	_	_	_
AlsuhailFaris	02	Finland	Helsinki	_	_	_
AlsuhailFaris	03	Finland	_	_	_	QGIS,Inkscape,GIMP
AlsuhailFaris	04	Finland	Helsinki	_	_	_
AlsuhailFaris	05	Finland	Helsinki	_	_	_
AlsuhailFaris	06	Finland	_	_	_	_
AlsuhailFaris	07	Finland	_	_	_	_
AlsuhailFaris	08	Finland	_	_	_	_
AlsuhailFaris	09	World	_	_	_	Inkscape,D3.js
AlsuhailFaris	10	Finland	Helsinki	_	_	QGIS,Blender
AlsuhailFaris	11	Finland	_	_	_	QGIS
AlsuhailFaris	12	Finland	Helsinki	_	_	_
AlsuhailFaris	13	Europe	_	animals	_	_
AlsuhailFaris	14	World	_	_	_	QGIS,Inkscape
AlsuhailFaris	15	Finland	Helsinki	_	_	_
AlsuhailFaris	16	Finland	Helsinki	_	_	Blender
AlsuhailFaris	17	World	_	_	_	_
AlsuhailFaris	18	World	_	_	_	Blender
AlsuhailFaris	19	Finland	Helsinki	_	_	_
AlsuhailFaris	20	Finland	_	_	_	_
AlsuhailFaris	21	Finland	Helsinki	_	_	Blender
AlsuhailFaris	22	Finland	Imatra	_	_	_
AlsuhailFaris	23	Finland	Helsinki	_	_	_
AlsuhailFaris	24	Finland	_	_	_	_
AlsuhailFaris	25	Finland	_	_	_	QGIS
AlsuhailFaris	26	Finland	_	_	_	_
AlsuhailFaris	27	World	_	_	_	_
AlsuhailFaris	28	Thailand,Cambodia,Vietnam,Laos	_	_	_	_
AlsuhailFaris	29	Other	_	_	_	Blender
AlsuhailFaris	30	Finland	Helsinki	_	_	_
alyne_daluz	01	_	_	_	_	_
alyne_daluz	02	Italy	Rome	_	_	_
am_fallatah	04	_	_	_	_	_
AMbabani	01	Uganda	_	_	_	_
AMbabani	02	Uganda	_	_	_	QGIS
AnalisisGeo	11	Mexico	_	_	_	_
analytiikka	27	Finland	_	_	_	_
Anamhoo	05	_	_	_	_	_
andrewdc_nz	03	New Zealand	Christchurch	_	_	QGIS
andrewdc_nz	04	New Zealand	_	_	_	_
andrewdc_nz	05	New Zealand	_	_	_	_
andrewdc_nz	07	New Zealand	_	_	_	QGIS
andrewdc_nz	10	New Zealand	_	_	_	_
andrewdc_nz	11	New Zealand	_	_	_	_
andrewdc_nz	14	New Zealand	_	_	_	_
andrewdc_nz	15	New Zealand	_	_	_	_
andrewdc_nz	22	New Zealand	_	_	_	_
andrewdc_nz	26	New Zealand	Christchurch	_	_	_
andrewdc_nz	28	New Zealand	Bulls	_	_	_
AndrewRenninger	01	_	_	_	_	_
AndrewRenninger	02	_	_	_	_	R
AndrewRenninger	03	_	_	_	_	R
AndrewRenninger	04	_	_	_	_	_
AndrewRenninger	05	_	_	_	_	_
AndrewRenninger	06	_	_	_	_	_
AndrewRenninger	07	_	_	_	_	_
AndrewRenninger	19	_	_	_	_	R
AndrewRenninger	20	_	_	_	_	QGIS
AndrewRenninger	25	_	_	_	_	_
Andria_Tzedda	01	_	_	_	_	_
Andria_Tzedda	02	_	_	_	_	_
Andria_Tzedda	03	_	_	_	_	_
Andria_Tzedda	04	_	_	_	_	R
Andria_Tzedda	05	_	_	_	_	_
Andria_Tzedda	06	_	_	_	_	_
Andria_Tzedda	07	_	_	_	_	_
Andria_Tzedda	08	_	_	_	_	R
Andria_Tzedda	09	_	_	_	_	R
Andria_Tzedda	10	_	_	_	_	_
Andria_Tzedda	12	_	_	_	_	_
Andria_Tzedda	14	_	_	_	_	R
andy_meinke	02	_	_	_	_	_
andy_rutkowski	01	_	_	_	_	_
andy_rutkowski	02	_	_	_	_	_
andy_rutkowski	03	_	_	_	_	_
andy_rutkowski	04	_	_	_	_	_
andy_rutkowski	05	_	_	_	_	_
andy_rutkowski	06	_	_	_	_	_
andy_rutkowski	07	_	_	_	_	_
andy_rutkowski	08	_	_	_	_	_
andy_rutkowski	09	_	_	_	_	_
andy_rutkowski	10	_	_	_	_	_
anlugonz	03	_	_	_	_	QGIS
anlugonz	05	_	_	_	_	_
anlugonz	06	_	_	_	_	_
anlugonz	10	_	_	_	_	_
AnthonyJohnG	12	_	_	_	_	_
antoaasa	01	_	_	_	_	_
antoaasa	02	_	_	_	_	_
antoaasa	03	_	_	_	_	_
antoaasa	04	_	_	_	_	_
antoaasa	05	_	_	_	_	_
antoaasa	06	_	_	_	_	_
antoaasa	07	_	_	_	_	_
antoaasa	08	_	_	_	_	_
antoaasa	09	_	_	_	_	_
antoaasa	10	_	_	_	_	_
antoaasa	11	_	_	_	_	_
antoaasa	12	_	_	_	_	_
AntoinePeris	07	_	_	_	_	_
AntonyBarja1	01	_	_	_	_	_
AntonyBarja1	03	_	_	_	_	QGIS
AppDemography	03	_	_	_	_	_
aptx4869yuyang	04	_	_	_	_	_
aptx4869yuyang	07	_	_	_	_	_
aptx4869yuyang	13	_	_	_	_	_
Arash_Hajikhani	04	_	_	_	_	_
arevaju	04	_	_	_	_	_
arevaju	05	_	_	_	_	_
Arnold_Platon	01	_	_	_	_	_
Arnold_Platon	15	_	_	_	_	_
Arnold_Platon	17	_	_	_	_	_
Arnold_Platon	18	_	_	_	_	_
Arnold_Platon	19	_	_	_	_	_
Arnold_Platon	22	_	_	_	_	_
Arnold_Platon	23	_	_	_	_	_
Arnold_Platon	24	_	_	_	_	_
Arnold_Platon	28	_	_	_	_	_
Artisans_Cartos	01	_	_	_	_	_
Artisans_Cartos	02	_	_	_	_	_
Artisans_Cartos	03	_	_	_	_	_
Artisans_Cartos	04	_	_	_	_	_
Artisans_Cartos	05	_	_	_	_	_
Artisans_Cartos	06	_	_	_	_	_
Artisans_Cartos	07	_	_	_	_	_
Artisans_Cartos	08	_	_	_	_	_
Artisans_Cartos	09	_	_	_	_	_
Artisans_Cartos	10	_	_	_	_	_
Artisans_Cartos	11	_	_	_	_	_
Artisans_Cartos	14	_	_	_	_	_
aschiff	01	_	_	_	_	_
aschiff	02	_	_	_	_	_
aschiff	03	_	_	_	_	_
aschiff	04	_	_	_	_	_
aschiff	05	_	_	_	_	_
aschiff	06	_	_	_	_	_
aschiff	07	_	_	_	_	_
aschiff	08	_	_	_	_	_
aschiff	09	_	_	_	_	_
aschiff	10	_	_	_	_	_
aschiff	11	_	_	_	_	_
aschiff	12	_	_	_	_	_
aschiff	13	_	_	_	_	D3.js
aschiff	14	_	_	_	_	_
aschiff	15	_	_	_	_	_
aschiff	16	_	_	_	_	_
aschiff	17	_	_	_	_	_
aschiff	18	_	_	_	_	_
aschiff	19	_	_	_	_	_
aschiff	20	_	_	_	_	_
aschiff	21	_	_	_	_	_
atdodkonfektes	01	_	_	_	_	_
atdodkonfektes	02	_	_	_	_	_
atdodkonfektes	03	_	_	_	_	_
atdodkonfektes	04	_	_	_	_	_
atdodkonfektes	05	_	_	_	_	_
atdodkonfektes	06	_	_	_	_	_
atdodkonfektes	07	_	_	_	_	QGIS
atdodkonfektes	08	_	_	_	_	_
atdodkonfektes	09	_	_	_	_	_
atdodkonfektes	10	_	_	_	_	_
atdodkonfektes	11	_	_	_	_	_
atdodkonfektes	12	_	_	_	_	_
atdodkonfektes	13	_	_	_	_	_
atdodkonfektes	14	_	_	_	_	_
atdodkonfektes	15	_	_	_	_	_
atdodkonfektes	16	_	_	_	_	_
atdodkonfektes	17	_	_	_	_	_
atdodkonfektes	18	_	_	_	_	Blender
atdodkonfektes	19	_	_	_	_	_
atdodkonfektes	20	_	_	_	_	_
atdodkonfektes	21	_	_	_	_	_
atdodkonfektes	22	_	_	_	_	_
atdodkonfektes	23	_	_	_	_	_
atdodkonfektes	24	_	_	_	_	_
atdodkonfektes	25	_	_	_	_	_
atdodkonfektes	26	_	_	_	_	_
atdodkonfektes	27	_	_	_	_	_
atdodkonfektes	28	_	_	_	_	_
atdodkonfektes	29	_	_	_	_	_
atdodkonfektes	30	_	_	_	_	_
AurelienChaumet	01	_	_	_	_	_
AurelienChaumet	03	_	_	_	_	QGIS
AurelienChaumet	05	_	_	_	_	_
AurelienChaumet	06	_	_	_	_	QGIS
AurelienChaumet	10	_	_	_	_	_
AurelienChaumet	12	_	_	_	_	QGIS
AyrtonBourn	01	_	_	_	_	_
AyrtonBourn	27	_	_	_	_	_
azolnai	11	_	_	_	_	_
azolnai	21	_	_	_	_	_
bbroex	01	_	_	_	_	_
bbroex	02	_	_	_	_	_
bbroex	03	_	_	_	_	_
bbroex	04	_	_	_	_	_
bbroex	05	_	_	_	_	_
bbroex	06	_	_	_	_	_
bbroex	07	_	_	_	_	_
bbroex	08	_	_	_	_	_
bbroex	09	_	_	_	_	_
bbroex	10	_	_	_	_	_
bbroex	11	_	_	_	_	_
bbroex	12	_	_	_	_	_
bbroex	13	_	_	_	_	_
bbroex	14	_	_	_	_	_
bbroex	15	_	_	_	_	_
bbroex	16	_	_	_	_	_
bbroex	17	_	_	_	_	_
bbroex	18	_	_	_	_	_
bbroex	19	_	_	_	_	_
benfriin	01	_	_	_	_	_
benfriin	02	_	_	_	_	QGIS
benfriin	03	_	_	_	_	Mapbox
benfriin	04	_	_	_	_	QGIS
benfriin	05	_	_	_	_	_
benfriin	06	_	_	_	_	QGIS
benfriin	07	_	_	_	_	QGIS
benfriin	08	_	_	_	_	_
benfriin	09	_	_	_	_	_
benfriin	10	_	_	_	_	QGIS
benfriin	11	_	_	_	_	_
benfriin	12	_	_	_	_	_
benfriin	13	_	_	_	_	QGIS
benfriin	14	_	_	_	_	QGIS
benfriin	15	_	_	_	_	_
benfriin	18	_	_	_	_	_
benfriin	19	_	_	_	_	_
benfriin	20	_	_	_	_	_
benfriin	21	_	_	_	_	_
benfriin	23	_	_	_	_	_
benfriin	24	_	_	_	_	QGIS
benfriin	25	_	_	_	_	QGIS
benfriin	26	_	_	_	_	_
BethJackson1x	07	_	_	_	_	_
BethJackson1x	17	_	_	_	_	_
bettermeasured	01	_	_	_	_	_
bettermeasured	02	_	_	_	_	R
bettermeasured	03	_	_	_	_	R
bettermeasured	04	_	_	_	_	R
bettermeasured	05	_	_	_	_	R
bettermeasured	06	_	_	_	_	R
bettermeasured	07	_	_	_	_	R
bettermeasured	08	_	_	_	_	R
bettermeasured	09	_	_	_	_	R
bettermeasured	10	_	_	_	_	R
bettermeasured	11	_	_	_	_	R
bettermeasured	12	_	_	_	_	R
bettermeasured	13	_	_	_	_	R
bettermeasured	14	_	_	_	_	R
bettermeasured	15	_	_	_	_	R
bettermeasured	16	_	_	_	_	R
bettermeasured	17	_	_	_	_	R
bettermeasured	18	_	_	_	_	R
bettermeasured	19	_	_	_	_	R
bettermeasured	20	_	_	_	_	R
bettermeasured	21	_	_	_	_	R
bettermeasured	22	_	_	_	_	R
bettermeasured	23	_	_	_	_	R
bettermeasured	24	_	_	_	_	R
bettermeasured	25	_	_	_	_	R
bettermeasured	26	_	_	_	_	R
bettermeasured	27	_	_	_	_	_
Bill_Bluray	04	_	_	_	_	QGIS
Bill_Bluray	05	_	_	_	_	_
Bill_Bluray	07	_	_	_	_	QGIS,Mapbox
Bill_Bluray	09	_	_	_	_	QGIS,Mapbox
Bill_Bluray	10	_	_	_	_	QGIS,Mapbox
Bill_Bluray	12	_	_	_	_	QGIS,Mapbox
blanky343	02	_	_	_	_	_
blanky343	03	_	_	_	_	_
blanky343	04	_	_	_	_	_
blanky343	05	_	_	_	_	_
blanky343	06	_	_	_	_	_
blanky343	07	_	_	_	_	_
blanky343	08	_	_	_	_	_
blanky343	09	_	_	_	_	_
blanky343	10	_	_	_	_	_
blanky343	11	_	_	_	_	_
blanky343	12	_	_	_	_	_
blanky343	13	_	_	_	_	_
blanky343	14	_	_	_	_	_
blanky343	15	_	_	_	_	_
blanky343	16	_	_	_	_	_
blanky343	17	_	_	_	_	_
blanky343	18	_	_	_	_	_
blanky343	19	_	_	_	_	_
blanky343	20	_	_	_	_	_
blanky343	21	_	_	_	_	_
blanky343	22	_	_	_	_	_
blanky343	23	_	_	_	_	_
blanky343	24	_	_	_	_	D3.js
blanky343	25	_	_	_	lego	_
blanky343	26	_	_	_	_	_
blanky343	27	_	_	_	_	_
blanky343	28	_	_	_	_	_
blanky343	29	_	_	_	_	_
blanky343	30	_	_	_	_	_
BorisMericskay	02	_	_	_	_	QGIS
BorisMericskay	03	_	_	_	_	QGIS
BorisMericskay	04	_	_	_	_	_
BorisMericskay	05	_	_	_	_	QGIS
BorisMericskay	12	_	_	_	_	_
BorisMericskay	14	_	_	_	_	QGIS
BorisMericskay	19	_	_	_	_	_
BorisMericskay	20	_	_	_	_	_
BorisMericskay	23	_	_	_	_	ArcGIS
BorisMericskay	26	_	_	_	_	QGIS
BorisMericskay	28	_	_	_	_	_
BorisMericskay	29	_	_	_	_	_
bplmaps	01	_	_	_	_	_
bplmaps	03	_	_	_	_	_
bplmaps	04	_	_	_	_	_
bplmaps	05	_	_	_	_	_
bplmaps	09	_	_	_	_	_
bplmaps	10	_	_	_	_	_
bplmaps	11	_	_	_	_	_
BrittLonneville	05	_	_	_	_	_
BrittLonneville	06	_	_	_	_	_
BrittLonneville	11	Belgium	_	_	_	_
BrittLonneville	13	_	_	_	_	_
BrittLonneville	14	_	_	_	_	_
BrittLonneville	15	_	_	_	_	_
BrittLonneville	16	_	_	_	_	_
bumaBAgyo	11	_	_	_	_	QGIS
cadcorp	06	_	_	_	_	_
cadcorp	11	_	_	_	_	_
cadcorp	21	_	_	_	_	_
cadcorp	22	_	_	_	_	_
cadcorp	23	_	_	_	_	_
cadcorp	26	_	_	_	_	_
cadcorp	30	_	_	_	_	_
CaislinF	27	_	_	_	_	_
CarmenCarro_	01	_	_	_	_	QGIS
CarmenCarro_	02	_	_	_	_	QGIS
CarmenCarro_	03	_	_	_	_	QGIS
CarmenCarro_	04	_	_	_	_	QGIS
CarmenCarro_	05	_	_	_	_	_
CarmenCarro_	06	_	_	_	_	QGIS
CarmenCarro_	07	_	_	_	_	QGIS
CarmenCarro_	08	_	_	_	_	QGIS
CarmenCarro_	09	_	_	_	_	QGIS
CarmenCarro_	10	_	_	_	_	QGIS
CarmenCarro_	11	_	_	_	_	QGIS
CarmenCarro_	13	_	_	_	_	QGIS
CarmenCarro_	14	_	_	_	_	QGIS
CarmenCarro_	15	_	_	_	_	QGIS
CarmenCarro_	16	_	_	_	_	QGIS
CarmenCarro_	17	_	_	_	_	QGIS
CarmenCarro_	18	_	_	_	_	QGIS
CarmenCarro_	19	_	_	_	_	QGIS
CarmenCarro_	20	_	_	_	_	QGIS
CarmenCarro_	21	_	_	_	_	QGIS
CarmenCarro_	22	_	_	_	_	QGIS
CarmenCarro_	23	_	_	_	_	QGIS
CarmenCarro_	24	_	_	_	_	QGIS
CarmenCarro_	25	_	_	_	_	QGIS
CarmenCarro_	26	_	_	_	_	QGIS
CarmenCarro_	27	_	_	_	_	QGIS
CarmenCarro_	28	_	_	_	_	QGIS
CarmenCarro_	29	_	_	_	_	QGIS
CarmenCarro_	30	_	_	_	_	QGIS
carolpos	01	_	_	_	_	_
carolpos	02	_	_	_	_	_
carolpos	03	_	_	_	_	_
carolpos	04	_	_	_	_	_
carolpos	05	_	_	_	_	_
carolpos	06	_	_	_	_	_
carolpos	07	_	_	_	_	_
carolpos	08	_	_	_	_	_
carolpos	09	_	_	_	_	_
carolpos	10	_	_	_	_	_
carolpos	11	_	_	_	_	_
carolpos	12	_	_	_	_	_
carolpos	13	_	_	_	_	_
carolpos	14	_	_	_	_	_
carolpos	15	_	_	_	_	_
carolpos	16	_	_	_	_	_
carolpos	17	_	_	_	_	_
carolpos	18	_	_	_	_	_
carolpos	19	_	_	_	_	_
cartiqomaps	01	_	_	_	_	_
cartiqomaps	02	_	_	_	_	_
cartiqomaps	03	_	_	_	_	_
cartiqomaps	04	_	_	_	_	_
cartiqomaps	05	_	_	_	_	QGIS
cartiqomaps	06	_	_	_	_	_
cartiqomaps	07	_	_	_	_	Mapbox
cartiqomaps	08	_	_	_	_	QGIS,Inkscape
cartiqomaps	11	_	_	_	_	QGIS
cartiqomaps	12	_	_	_	_	D3.js
cartiqomaps	13	_	_	_	_	QGIS
cartocalypse	02	_	_	_	_	_
cartocalypse	03	_	_	_	_	QGIS
cartocalypse	04	_	_	_	_	QGIS
cartocalypse	15	_	_	_	_	_
cartocalypse	29	_	_	_	_	_
CatastroBogota	05	_	_	_	_	_
CatastroBogota	06	_	_	_	_	_
CatastroBogota	07	_	_	_	_	_
CatastroBogota	08	_	_	_	_	_
CatastroBogota	13	_	_	_	_	_
CatastroBogota	14	_	_	_	_	_
CatastroBogota	20	_	_	_	_	_
Cchurchili	01	_	_	_	_	ArcGIS
Cchurchili	02	_	_	_	_	ArcGIS
Cchurchili	03	_	_	_	_	_
Cchurchili	04	_	_	_	_	Photoshop
Cchurchili	05	_	_	_	_	_
Cchurchili	06	_	_	_	_	D3.js
Cchurchili	07	_	_	_	_	QGIS
Cchurchili	08	_	_	_	_	Photoshop
Cchurchili	09	_	_	_	_	_
Cchurchili	10	_	_	_	_	QGIS,Photoshop
Cchurchili	11	_	_	_	_	QGIS
Cchurchili	12	_	_	_	_	_
Cchurchili	13	_	_	_	_	_
Cchurchili	14	_	_	_	_	_
Cchurchili	15	_	_	_	_	_
Cchurchili	17	_	_	_	_	QGIS
Cchurchili	19	_	_	_	_	Mapbox
Cchurchili	20	_	_	_	_	_
Cchurchili	21	_	_	_	_	Photoshop,Mapbox
Cchurchili	22	_	_	_	_	Photoshop,Mapbox
Cchurchili	23	_	_	_	_	_
Cchurchili	24	_	_	_	_	Photoshop,Mapbox
Cchurchili	25	_	_	_	_	_
Cchurchili	26	_	_	_	_	_
Cchurchili	27	_	_	_	_	_
Cchurchili	28	_	_	_	_	_
Cchurchili	29	_	_	_	_	_
Cchurchili	30	_	_	_	_	_
CedScherer	01	_	_	_	_	_
CedScherer	02	_	_	_	_	_
CedScherer	03	_	_	_	_	R
CedScherer	04	_	_	_	_	_
CedScherer	05	_	_	_	_	R
CedScherer	06	_	_	_	_	R
CedScherer	07	_	_	_	_	R
CedScherer	08	_	_	_	_	R
CedScherer	09	_	_	_	_	R
CedScherer	10	_	_	_	_	R
CedScherer	11	_	_	_	_	R
CedScherer	12	_	_	_	_	R
CedScherer	13	_	_	_	_	_
CedScherer	14	_	_	_	_	R
CedScherer	15	_	_	_	_	R
CedScherer	16	_	_	_	_	R
CedScherer	17	_	_	_	_	_
CedScherer	18	_	_	_	_	R
CedScherer	19	_	_	_	_	R
CedScherer	20	_	_	_	_	R
CedScherer	22	_	_	_	_	R
CedScherer	23	_	_	_	_	R
CedScherer	24	_	_	_	_	R
CedScherer	25	_	_	_	_	_
CedScherer	26	_	_	_	_	R
CedScherer	27	_	_	_	_	R
CedScherer	29	_	_	_	_	_
chalaoliverio	26	_	_	_	_	_
chisatini	01	_	_	_	_	R
chisatini	02	_	_	_	_	R
chisatini	03	_	_	_	_	R
chisatini	07	_	_	_	_	R
chisatini	09	_	_	_	_	_
chisatini	12	_	_	_	_	R,Leaflet
chisatini	13	_	_	_	_	R
chisatini	14	_	_	_	_	R
chisatini	15	_	_	_	_	R
citizenfishy	01	_	_	_	_	_
citizenfishy	02	_	_	_	_	_
citizenfishy	03	_	_	_	_	_
citizenfishy	04	_	_	_	_	_
citizenfishy	05	_	_	_	_	_
citizenfishy	06	_	_	_	_	_
citizenfishy	07	_	_	_	_	_
citizenfishy	08	_	_	_	_	_
citizenfishy	09	_	_	_	_	_
citizenfishy	10	_	_	_	_	_
citizenfishy	11	_	_	_	_	_
citizenfishy	12	_	_	_	_	QGIS
citizenfishy	13	_	_	_	_	_
citizenfishy	14	_	_	_	_	_
citizenfishy	15	_	_	_	_	_
citizenfishy	16	_	_	_	_	_
citizenfishy	17	_	_	_	_	_
citizenfishy	18	_	_	_	_	_
citizenfishy	19	_	_	_	_	_
citizenfishy	20	_	_	_	_	_
citizenfishy	21	_	_	_	_	_
citizenfishy	22	_	_	_	_	_
citizenfishy	23	_	_	_	_	_
citizenfishy	24	_	_	_	_	_
citizenfishy	25	_	_	_	_	_
citizenfishy	26	_	_	_	_	_
citizenfishy	27	_	_	_	_	_
citizenfishy	28	_	_	_	_	_
citizenfishy	29	_	_	_	_	_
citizenfishy	30	_	_	_	_	hand drawn
citysbackyard	04	_	_	_	_	Mapbox
col_en_datos	01	_	_	_	_	_
col_en_datos	02	_	_	_	_	_
col_en_datos	03	_	_	_	_	_
col_en_datos	04	_	_	_	_	_
col_en_datos	05	_	_	_	_	_
col_en_datos	06	_	_	_	_	_
Colmixe	01	_	_	_	_	_
Colmixe	02	_	_	_	_	_
Colmixe	03	_	_	_	_	_
Colmixe	04	_	_	_	_	_
Colmixe	05	_	_	_	_	_
Colmixe	06	_	_	_	_	_
Colmixe	07	_	_	_	_	_
Colmixe	08	_	_	_	_	_
Colmixe	09	_	_	_	_	_
Colmixe	10	_	_	_	_	_
Colmixe	11	_	_	_	_	_
Colmixe	12	_	_	_	_	_
Colmixe	14	_	_	_	_	_
Colmixe	15	_	_	_	_	_
Colmixe	16	_	_	_	_	_
Colmixe	17	_	_	_	_	_
Colmixe	18	_	_	_	_	_
Colmixe	19	_	_	_	_	_
Colmixe	20	_	_	_	_	_
Colmixe	21	_	_	_	_	_
Colmixe	22	_	_	_	_	_
Colmixe	23	_	_	_	_	_
Colmixe	24	_	_	_	_	_
Colmixe	25	_	_	_	_	_
Colmixe	27	_	_	_	_	_
Colmixe	28	_	_	_	_	_
Colmixe	29	_	_	_	_	_
Colmixe	30	_	_	_	_	_
corti_nicolas	10	_	_	_	_	QGIS
corti_nicolas	11	_	_	_	_	QGIS
CraigTaylorGIS	04	_	_	_	_	_
CraigTaylorGIS	05	_	_	_	_	_
CraigTaylorGIS	06	_	_	_	_	_
CraigTaylorGIS	07	_	_	_	_	_
CraigTaylorGIS	08	_	_	_	_	_
CraigTaylorGIS	10	_	_	_	_	_
CraigTaylorGIS	11	_	_	_	_	_
CraigTaylorGIS	12	_	_	_	_	_
CraigTaylorGIS	13	_	_	_	_	_
CraigTaylorGIS	14	_	_	_	_	_
CraigTaylorGIS	15	_	_	_	_	_
CraigTaylorGIS	18	_	_	_	_	_
CraigTaylorGIS	19	_	_	_	_	_
CraigTaylorGIS	21	_	_	_	_	_
CraigTaylorGIS	22	_	_	_	_	_
CraigTaylorGIS	26	_	_	_	_	_
CraigTaylorGIS	28	_	_	_	_	_
CraigTaylorGIS	29	_	_	_	_	_
CraigTaylorGIS	30	United Kingdom	Manchester	transport	animation	_
CRVanPollard	01	_	_	_	_	ArcGIS
CRVanPollard	02	_	_	_	_	ArcGIS
CRVanPollard	03	_	_	_	_	ArcGIS
CRVanPollard	04	_	_	_	_	ArcGIS
CRVanPollard	05	_	_	_	_	ArcGIS
CRVanPollard	06	_	_	_	_	ArcGIS
CRVanPollard	07	_	_	_	_	ArcGIS
CRVanPollard	08	_	_	_	_	ArcGIS
CRVanPollard	09	_	_	_	_	hand drawn
CRVanPollard	10	_	_	_	_	ArcGIS
CRVanPollard	11	_	_	_	_	_
CRVanPollard	12	_	_	_	_	QGIS
CRVanPollard	13	_	_	_	_	_
CRVanPollard	14	_	_	_	_	PostGIS
CRVanPollard	15	_	_	_	_	ArcGIS
CRVanPollard	16	_	_	_	_	ArcGIS
CRVanPollard	17	_	_	_	_	_
CRVanPollard	18	_	_	_	_	_
CRVanPollard	19	_	_	_	_	QGIS
CRVanPollard	20	_	_	_	_	QGIS
CRVanPollard	21	_	_	_	_	_
CRVanPollard	22	_	_	_	_	ArcGIS
CRVanPollard	23	_	_	_	_	ArcGIS
CRVanPollard	24	_	_	_	_	_
CRVanPollard	25	_	_	_	_	_
CRVanPollard	26	_	_	_	_	ArcGIS
CRVanPollard	27	_	_	_	_	Photoshop,ArcGIS
CRVanPollard	28	_	_	_	_	ArcGIS
CRVanPollard	29	_	_	_	_	Blender,ArcGIS
CRVanPollard	30	_	_	_	_	_
csaladenes	05	_	_	_	_	_
csaladenes	06	_	_	_	_	_
csaladenes	07	_	_	_	_	D3.js
CushenMichael	23	_	_	_	_	_
d_vigilr	04	_	_	_	_	_
d_vigilr	06	_	_	_	_	_
d_vigilr	07	_	_	_	_	_
d_vigilr	08	_	_	_	_	_
dakvid	01	New Zealand	_	politics	points	QGIS
dakvid	08	New Zealand	_	_	choropleth	QGIS
dakvid	14	New Zealand	_	administrative boundaries	animation	R
dakvid	17	New Zealand,Oceania	_	_	_	QGIS,Inkscape
dakvid	18	Antarctica,World	_	_	interactive,lines	R,three.js
dakvid	19	New Zealand	Auckland	population	_	QGIS
dakvid	20	New Zealand	_	_	_	QGIS
dakvid	23	New Zealand	_	_	dot density	QGIS
dakvid	24	New Zealand	Queenstown	_	dot density	QGIS
danc00ks0n	01	_	_	_	_	_
danc00ks0n	22	_	_	_	_	_
danidlsa	02	_	_	_	_	_
danidlsa	04	_	_	_	_	R,Leaflet
danidlsa	05	_	_	_	_	R
danidlsa	07	_	_	_	_	ArcGIS
danidlsa	08	_	_	_	_	R
danidlsa	10	_	_	_	_	R
danidlsa	11	_	_	_	_	R
danidlsa	12	_	_	_	_	R
danidlsa	13	_	_	_	_	R
danidlsa	14	_	_	_	_	R
danidlsa	15	_	_	_	_	_
danidlsa	16	_	_	_	_	R
danidlsa	18	_	_	_	_	R
danidlsa	20	_	_	_	_	R
danidlsa	22	_	_	_	_	R
danidlsa	23	_	_	_	_	R
danidlsa	29	_	_	_	_	_
danidlsa	30	_	_	_	_	R,Leaflet
Daniel_AvOr	01	_	_	_	_	_
Daniel_AvOr	03	_	_	_	_	_
Daniel_AvOr	06	_	_	_	_	_
Daniel_AvOr	07	_	_	_	_	_
Daniel_AvOr	12	_	_	_	_	_
daniel_isita	01	_	_	_	_	QGIS
daniel_isita	02	_	_	_	_	QGIS
daniel_isita	03	_	_	_	_	QGIS
daniel_isita	04	_	_	_	_	R
daniel_isita	05	_	_	_	_	_
daniel_isita	06	_	_	_	_	QGIS
daniel_isita	07	_	_	_	_	QGIS
daniel_isita	08	_	_	_	_	QGIS
daniel_isita	09	_	_	_	_	QGIS
daniel_isita	10	_	_	_	_	QGIS
daniel_isita	11	_	_	_	_	QGIS
daniel_isita	12	_	_	_	_	QGIS
daniel_isita	13	_	_	_	_	_
daniel_isita	14	_	_	_	_	D3.js
daniel_isita	15	_	_	_	_	_
daniel_isita	16	_	_	_	_	_
daniel_isita	17	_	_	_	_	QGIS
daniel_isita	18	_	_	_	_	QGIS
daniel_isita	19	_	_	_	_	QGIS
daniel_isita	20	_	_	_	_	_
daniel_isita	21	_	_	_	_	_
daniel_isita	22	_	_	_	_	QGIS
daniel_isita	23	_	_	_	_	QGIS
daniel_isita	24	_	_	_	_	_
daniel_isita	25	_	_	_	_	QGIS
daniel_isita	26	_	_	_	_	QGIS
daniel_isita	27	_	_	_	_	QGIS
daniel_isita	28	_	_	_	_	hand drawn
DanielChoperena	02	_	_	_	_	_
DanielChoperena	03	_	_	_	_	_
DanielKiuri	04	_	_	_	_	QGIS
DanielKiuri	05	_	_	_	_	QGIS
darenw	01	_	_	_	_	_
darenw	02	_	_	_	_	_
darenw	03	_	_	_	_	_
darenw	06	_	_	_	_	_
darenw	07	_	_	_	_	_
darenw	08	_	_	_	_	_
darenw	09	_	_	_	_	_
darenw	10	_	_	_	_	_
darenw	11	_	_	_	_	_
darenw	12	_	_	_	_	_
darenw	14	_	_	_	_	_
darenw	15	_	_	_	_	_
data_nurse	01	_	_	_	_	_
data_nurse	03	_	_	_	_	R
datarttu	09	_	_	_	_	_
datarttu	10	_	_	_	_	_
datavizero	11	_	_	_	_	_
datavizero	30	_	_	_	_	_
David_I_Berry	05	_	_	_	_	_
DavidNg96191301	03	_	_	_	_	_
DavidNg96191301	11	_	_	_	_	_
DavidNg96191301	15	_	_	_	_	_
ddiazescandon	18	_	_	_	_	QGIS
ddiazescandon	20	_	_	_	_	_
ddiazescandon	25	_	_	_	_	_
ddiazescandon	30	_	_	_	_	_
DeniseDSLu	01	_	_	_	_	_
DeniseDSLu	02	_	_	_	_	_
DeniseDSLu	03	_	_	_	_	_
DeniseDSLu	04	_	_	_	_	_
DeniseDSLu	05	_	_	_	_	_
DeniseDSLu	07	_	_	_	_	_
DeniseDSLu	08	_	_	_	_	_
DeniseDSLu	09	_	_	_	_	_
DeniseDSLu	10	_	_	_	_	_
DeniseDSLu	11	_	_	_	_	_
DeniseDSLu	12	_	_	_	_	_
DeniseDSLu	13	_	_	_	_	_
DeniseDSLu	14	_	_	_	_	_
DeniseDSLu	16	_	_	_	_	_
DeniseDSLu	17	_	_	_	_	_
DeniseDSLu	18	_	_	_	_	_
DeniseDSLu	19	_	_	_	_	_
DeniseDSLu	20	_	_	_	_	_
DeniseDSLu	21	_	_	_	_	_
DeniseDSLu	22	_	_	_	_	_
DeniseDSLu	23	_	_	_	_	_
DeniseDSLu	24	_	_	_	_	_
DeniseDSLu	25	_	_	_	_	_
DeniseDSLu	26	_	_	_	_	_
DeniseDSLu	27	_	_	_	_	_
DeniseDSLu	28	_	_	_	_	_
DeniseDSLu	29	_	_	_	_	_
DeniseDSLu	30	_	_	_	_	_
DESCIFRA	01	_	_	_	_	_
DESCIFRA	02	_	_	_	_	_
DESCIFRA	03	_	_	_	_	_
DESCIFRA	04	_	_	_	_	_
DESCIFRA	05	_	_	_	_	_
DESCIFRA	06	_	_	_	_	_
DESCIFRA	07	_	_	_	_	_
DESCIFRA	08	_	_	_	_	_
DESCIFRA	09	_	_	_	_	_
DESCIFRA	10	_	_	_	_	_
DESCIFRA	11	_	_	_	_	_
DESCIFRA	12	_	_	_	_	_
DESCIFRA	13	_	_	_	_	_
DESCIFRA	14	_	_	_	_	_
DESCIFRA	15	_	_	_	_	_
DESCIFRA	16	_	_	_	_	_
DESCIFRA	17	_	_	_	_	_
DESCIFRA	19	_	_	_	_	_
DESCIFRA	20	_	_	_	_	_
DESCIFRA	21	_	_	_	_	_
DESCIFRA	22	_	_	_	_	_
DESCIFRA	23	_	_	_	_	_
DESCIFRA	24	_	_	_	_	_
DESCIFRA	25	_	_	_	_	_
DESCIFRA	26	_	_	_	_	_
DESCIFRA	27	_	_	_	_	_
DESCIFRA	28	_	_	_	_	_
DESCIFRA	29	_	_	_	_	_
DESCIFRA	30	_	_	_	_	_
diegopajarito	01	_	_	_	_	QGIS
diegopajarito	03	_	_	_	_	QGIS
diegopajarito	04	_	_	_	_	QGIS,PostGIS
diegopajarito	05	_	_	_	_	QGIS
diegopajarito	06	_	_	_	_	QGIS
diegopajarito	07	_	_	_	_	QGIS
diegopajarito	08	_	_	_	_	QGIS
diegopajarito	09	_	_	_	_	QGIS
diegopajarito	10	_	_	_	_	QGIS
drawingdata	23	_	_	_	_	_
drawingdata	28	_	_	_	_	_
drawingdata	29	_	_	_	_	_
drawingdata	30	_	_	_	_	_
DylanMoriarty	01	_	_	_	_	_
edaniel_ramirez	05	_	_	_	_	_
edaniel_ramirez	14	_	_	_	_	_
edeleonw	01	_	_	_	_	_
Elio_Javi	04	_	_	_	_	R
Elio_Javi	06	_	_	_	_	R
Elio_Javi	07	_	_	_	_	_
Elio_Javi	13	_	_	_	_	R,Leaflet
Elio_Javi	14	_	_	_	_	R
Elio_Javi	25	_	_	_	_	R
Elio_Javi	26	_	_	_	_	R
Elio_Javi	29	_	_	_	_	R
Emmanue17939044	01	_	_	_	_	_
Emmanue17939044	02	_	_	_	_	QGIS
Emmanue17939044	03	_	_	_	_	QGIS
EmmaVitz	01	New Zealand	Auckland	_	points	R
EmmaVitz	02	New Zealand	_	_	_	R
EmmaVitz	03	New Zealand	_	administrative boundaries	_	R
EmmaVitz	04	New Zealand	Auckland	transport	hexagons	R
EmmaVitz	05	_	_	_	_	QGIS
EmmaVitz	06	Australia	_	climate	_	_
EmmaVitz	07	New Zealand	_	_	points	R
EmmaVitz	08	New Zealand	Nelson	_	choropleth	R
EmmaVitz	09	New Zealand	_	animals	choropleth	_
EmmaVitz	10	New Zealand	Auckland	_	_	_
EmmaVitz	11	New Zealand	_	_	points	R
EmmaVitz	12	New Zealand	_	animals	lines,gps	R
EmmaVitz	13	New Zealand	_	animals	lines,gps	_
EmmaVitz	14	New Zealand	Auckland	_	choropleth	_
EmmaVitz	15	New Zealand	_	names	points	R
EmmaVitz	16	New Zealand	_	_	points	_
EmmaVitz	17	New Zealand	Christchurch	_	_	_
EmmaVitz	18	World	_	_	choropleth	_
EmmaVitz	19	New Zealand	_	_	_	R
EmmaVitz	21	New Zealand	_	climate	heatmap	_
EmmaVitz	22	New Zealand	_	_	choropleth	R
EmmaVitz	24	_	_	_	_	_
EmmaVitz	25	Australia	_	climate	points,animation	R
EmmaVitz	26	New Zealand	Auckland	_	_	QGIS
EmmaVitz	28	New Zealand	_	animals	choropleth	R
EmmaVitz	29	Australia	_	climate	points,animation	R
EmmaVitz	30	New Zealand	_	_	_	_
emu_info	04	_	_	_	_	_
emu_info	08	_	_	_	_	_
emu_info	10	_	_	_	_	_
emu_info	14	_	_	_	_	_
emu_info	15	_	_	_	_	_
emu_info	16	_	_	_	_	_
emu_info	17	_	_	_	_	_
emu_info	21	_	_	_	_	_
emu_info	22	_	_	_	_	_
emu_info	23	_	_	_	_	_
emu_info	24	_	_	_	_	_
emu_info	25	_	_	_	_	_
emu_info	26	_	_	_	_	_
emu_info	27	_	_	_	_	_
emu_info	28	_	_	_	_	_
EnriqeSc	02	_	_	_	_	R
EnriqeSc	04	_	_	_	_	R
EnriqeSc	05	_	_	_	_	_
EnriqeSc	06	_	_	_	_	R
EnriqeSc	10	_	_	_	_	R
eo_services	21	_	_	_	_	_
ErinLaBrecq	01	_	_	_	_	_
Esri_de	11	_	_	_	_	_
EVB221	01	_	_	_	_	_
EVB221	03	_	_	_	_	_
EVB221	04	_	_	_	_	_
EVB221	07	_	_	_	_	_
EVB221	17	_	_	_	_	_
evelynuuemaa	01	_	_	_	_	_
evelynuuemaa	02	_	_	_	_	_
evelynuuemaa	03	_	_	_	_	_
evelynuuemaa	04	_	_	_	_	_
evelynuuemaa	05	_	_	_	_	_
evelynuuemaa	06	_	_	_	_	_
evelynuuemaa	07	_	_	_	_	_
evelynuuemaa	08	_	_	_	_	_
evelynuuemaa	09	_	_	_	_	_
evelynuuemaa	10	_	_	_	_	_
evelynuuemaa	11	_	_	_	_	_
evelynuuemaa	12	_	_	_	_	_
evelynuuemaa	13	_	_	_	_	_
evelynuuemaa	14	_	_	_	_	_
evelynuuemaa	15	_	_	_	_	_
evelynuuemaa	16	_	_	_	_	_
evelynuuemaa	17	_	_	_	_	_
evelynuuemaa	18	_	_	_	_	_
evelynuuemaa	19	_	_	_	_	_
evelynuuemaa	20	_	_	_	_	_
evelynuuemaa	21	_	_	_	_	_
evelynuuemaa	22	_	_	_	_	QGIS,three.js,Inkscape
evelynuuemaa	23	_	_	_	_	_
evelynuuemaa	24	_	_	_	_	_
evelynuuemaa	25	_	_	_	_	_
evelynuuemaa	26	_	_	_	_	_
evelynuuemaa	27	_	_	_	_	_
evelynuuemaa	28	_	_	_	_	_
evelynuuemaa	29	_	_	_	_	_
evelynuuemaa	30	_	_	_	_	_
EwanMcLaughlin6	03	_	_	_	_	QGIS
EwanMcLaughlin6	06	Arctic	_	_	_	_
EwanMcLaughlin6	11	_	_	_	_	QGIS,three.js,Inkscape
fahimgeoarts	01	_	_	_	_	_
fahimgeoarts	02	_	_	_	_	_
fahimgeoarts	03	_	_	_	_	_
FelipeSMBarros	01	_	_	_	_	_
filipebatsilv	01	_	_	_	_	_
filipebatsilv	05	_	_	_	_	_
filipebatsilv	07	_	_	_	_	_
filipebatsilv	14	_	_	_	_	_
filipebatsilv	19	_	_	_	_	_
fishvice	02	_	_	_	_	_
fishvice	05	_	_	_	_	_
fjtweedie	01	_	_	_	_	ArcGIS
fjtweedie	02	_	_	_	_	R
fjtweedie	11	_	_	_	_	_
frida_celis	03	_	_	_	_	_
frida_celis	07	_	_	_	_	_
frida_celis	08	_	_	_	_	_
fritzGIS	22	_	_	_	_	QGIS,D3.js
FullerofScience	18	_	_	_	_	_
g_fiske	10	_	_	_	_	_
g_fiske	11	_	_	_	_	_
Gaelle_Sutton	01	_	_	_	_	_
Gaelle_Sutton	02	_	_	_	_	_
Gaelle_Sutton	03	_	_	_	_	_
Gaelle_Sutton	04	_	_	_	_	_
Gaelle_Sutton	11	_	_	_	_	_
Gaelle_Sutton	12	_	_	_	_	_
Gaelle_Sutton	13	_	_	_	_	_
Gaelle_Sutton	14	_	_	_	_	_
Gaelle_Sutton	15	_	_	_	_	_
Gaelle_Sutton	17	_	_	_	_	_
Gaelle_Sutton	19	_	_	_	_	QGIS
Gaelle_Sutton	25	_	_	_	_	_
gallicist	01	_	_	_	_	_
gallicist	02	_	_	_	_	_
gallicist	03	_	_	_	_	QGIS
gallicist	04	_	_	_	_	D3.js
gallicist	05	_	_	_	_	_
gallicist	06	_	_	_	_	_
gallicist	07	_	_	_	_	_
gallicist	09	_	_	_	_	_
gallicist	11	_	_	_	_	QGIS
gallicist	12	_	_	_	_	_
gallicist	14	_	_	_	_	_
garciaart3	02	_	_	_	_	QGIS
garciaart3	03	_	_	_	_	QGIS
garciaart3	04	_	_	_	_	QGIS
garciaart3	05	_	_	_	_	_
garciaart3	06	_	_	_	_	_
garciaart3	07	_	_	_	_	_
garciaart3	08	_	_	_	_	_
garciaart3	09	_	_	_	_	_
garciaart3	10	_	_	_	_	_
garciaart3	11	_	_	_	_	_
garciaart3	12	_	_	_	_	_
garciaart3	13	_	_	_	_	_
garciaart3	14	_	_	_	_	_
garciaart3	15	_	_	_	_	_
garciaart3	16	_	_	_	_	_
garciaart3	17	_	_	_	_	_
garciaart3	18	_	_	_	_	_
garciaart3	20	_	_	_	_	_
garciaart3	28	_	_	_	_	QGIS
gefylen	01	_	_	_	_	_
Generally_Geo	01	_	_	_	_	_
Generally_Geo	02	New Zealand	_	_	_	QGIS
Generally_Geo	03	New Zealand	Wellington	_	_	QGIS
Generally_Geo	04	New Zealand	_	_	_	_
Generally_Geo	05	_	_	_	_	_
Generally_Geo	06	New Zealand	Wellington	_	_	QGIS
Generally_Geo	07	World	_	_	_	_
Generally_Geo	08	New Zealand	_	_	_	QGIS,Inkscape
Generally_Geo	09	New Zealand	_	_	_	_
Generally_Geo	10	New Zealand	Porirua	_	_	QGIS
Generally_Geo	11	New Zealand	_	_	_	Inkscape
Generally_Geo	12	New Zealand	Wellington	_	_	_
Generally_Geo	13	New Zealand	_	_	_	QGIS,Inkscape
Generally_Geo	14	New Zealand	_	_	_	Blender,GIMP
Generally_Geo	15	New Zealand	_	_	lego	QGIS,Inkscape
Generally_Geo	16	New Zealand	_	_	_	_
Generally_Geo	17	New Zealand	_	_	_	QGIS,Blender,GIMP
Generally_Geo	28	New Zealand,Australia	_	_	_	_
Generally_Geo	29	_	_	_	_	QGIS
Generally_Geo	30	New Zealand	Porirua	_	_	_
geo_brady	05	_	_	_	_	_
geo_brady	06	_	_	_	_	_
geo_brady	10	_	_	_	_	_
Geo_BrianJ	01	_	_	_	_	_
Geo_BrianJ	02	_	_	_	_	_
Geo_BrianJ	03	_	_	_	_	_
Geo_BrianJ	04	_	_	_	_	_
Geo_BrianJ	05	_	_	_	_	_
Geo_BrianJ	06	_	_	_	_	_
Geo_BrianJ	07	_	_	_	_	_
Geo_BrianJ	08	_	_	_	_	_
Geo_BrianJ	09	_	_	_	_	_
Geo_BrianJ	10	_	_	_	_	_
Geo_BrianJ	11	_	_	_	_	_
Geo_BrianJ	12	_	_	_	_	_
Geo_BrianJ	13	_	_	_	_	QGIS
Geo_BrianJ	14	_	_	_	_	_
Geo_BrianJ	15	_	_	_	_	_
GeoBeerCH	28	_	_	_	_	_
GeoConor	01	_	_	_	_	_
GeoConor	05	_	_	_	_	_
GeoConor	06	_	_	_	_	_
GeoConor	08	_	_	_	_	_
GeoConor	11	_	_	_	_	_
GeoConor	14	_	_	_	_	_
GeoConor	15	_	_	_	_	_
GeogDave	14	_	_	_	_	_
geografa	01	_	_	_	_	Mapbox
geografa	02	_	_	_	_	_
geografa	04	_	_	_	_	Mapbox
GeografoSevilla	01	_	_	_	_	_
GeografoSevilla	03	_	_	_	_	_
Geolytix	04	_	_	_	_	_
Geolytix	14	_	_	_	_	_
Geolytix	16	_	_	_	_	_
Geolytix	17	_	_	_	_	_
geominds	09	India	_	_	animation	_
GeomniUK	01	_	_	_	_	_
GeomniUK	02	_	_	_	_	_
GeomniUK	03	_	_	_	_	_
GeomniUK	04	_	_	_	_	_
GeomniUK	05	_	_	_	_	_
GeomniUK	06	_	_	_	_	_
GeomniUK	07	_	_	_	_	_
GeomniUK	08	_	_	_	_	_
GeomniUK	09	_	_	_	_	_
GeomniUK	10	_	_	_	_	_
GeomniUK	11	_	_	_	_	_
GeomniUK	12	_	_	_	_	_
GeomniUK	13	_	_	_	_	_
GeomniUK	14	_	_	_	_	_
GeomniUK	15	_	_	_	_	_
GeomniUK	16	_	_	_	_	_
GeomniUK	17	_	_	_	_	_
GeomniUK	18	_	_	_	_	_
GeomniUK	19	_	_	_	_	_
GeomniUK	20	_	_	_	_	_
GeomniUK	21	_	_	_	_	_
GeomniUK	22	_	_	_	_	_
GeomniUK	23	_	_	_	_	_
GeomniUK	24	_	_	_	_	_
GeomniUK	25	_	_	_	_	_
GeomniUK	26	_	_	_	_	_
GeomniUK	27	_	_	_	_	_
GeomniUK	28	_	_	_	_	_
GeomniUK	29	_	_	_	_	_
GeomniUK	30	_	_	_	_	_
Gerard_Mauro	06	_	_	_	_	R
Gerard_Mauro	23	_	_	_	_	R
Gerard_Mauro	24	_	_	_	_	R
Gerardathletics	01	_	_	_	_	_
Gerardathletics	02	_	_	_	_	QGIS,D3.js
Gerardathletics	03	_	_	_	_	QGIS
Gerardathletics	04	_	_	_	_	_
Gerardathletics	05	_	_	_	_	_
Gerardathletics	06	_	_	_	_	_
Gerardathletics	07	_	_	_	_	QGIS
Gerardathletics	08	_	_	_	_	QGIS
Gerardathletics	09	_	_	_	_	QGIS
Gerardathletics	10	_	_	_	_	QGIS
Gerardathletics	11	_	_	_	_	QGIS
Gerardathletics	12	_	_	_	_	_
Gerardathletics	13	_	_	_	_	_
Gerardathletics	14	_	_	_	_	_
Gerardathletics	15	_	_	_	_	_
Gerardathletics	16	_	_	_	_	QGIS
Gerardathletics	17	_	_	_	_	_
Gerardathletics	18	_	_	_	_	QGIS
Gerardathletics	19	_	_	_	_	QGIS
Gerardathletics	20	_	_	_	_	QGIS
Gerardathletics	21	_	_	_	_	QGIS
GIS_Manipulator	03	_	_	_	_	_
GIS_Manipulator	04	_	_	_	_	ArcGIS
GIS_Manipulator	05	_	_	_	_	_
GIS_Manipulator	06	_	_	_	_	_
GIS_Manipulator	07	_	_	_	_	_
GIS_Manipulator	08	_	_	_	_	ArcGIS
GIS_Manipulator	10	_	_	_	_	_
GIS_Manipulator	11	_	_	_	_	_
GIS_Manipulator	26	_	_	_	_	_
gis3700	03	_	_	_	_	_
gis3700	04	_	_	_	_	_
gis3700	05	_	_	_	_	QGIS
gis3700	09	_	_	_	_	_
gis3700	18	_	_	_	_	_
gis3700	19	_	_	_	_	_
gis3700	20	Belgium	Tongeren	_	interactive	ArcGIS
GIS4Teachers	08	_	_	_	_	ArcGIS
GIS4Teachers	09	_	_	_	_	_
GIS4Teachers	10	_	_	_	_	ArcGIS
GIS4Teachers	11	_	_	_	_	_
GIS4Teachers	25	_	_	_	_	ArcGIS
GIS4Teachers	27	_	_	_	_	ArcGIS
GIS4Teachers	28	_	_	_	_	_
GIShaun	12	_	_	_	_	_
gmapsmania	02	_	_	_	_	_
gmapsmania	04	_	_	_	_	_
gmapsmania	05	_	_	_	_	_
gmapsmania	07	_	_	_	_	_
gmapsmania	08	_	_	_	_	_
gmapsmania	09	_	_	_	_	_
gmapsmania	12	_	_	_	_	Leaflet
gmapsmania	15	_	_	_	_	_
gmapsmania	24	_	_	_	_	_
gmbeisbol	01	_	_	_	_	R,Leaflet
gmsooner	02	_	_	_	_	_
gmsooner	03	_	_	_	_	_
gmsooner	04	_	_	_	_	_
gmsooner	05	_	_	_	_	_
gmsooner	06	_	_	_	_	_
gmsooner	07	_	_	_	_	_
gmsooner	08	_	_	_	_	_
GokulAnand_	01	_	_	_	_	QGIS
gontsa	01	_	_	_	_	QGIS
gontsa	02	_	_	_	_	QGIS
gontsa	03	_	_	_	_	QGIS
gontsa	04	_	_	_	_	QGIS
gontsa	05	_	_	_	_	_
gontsa	06	_	_	_	_	_
gontsa	07	_	_	_	_	_
gontsa	08	_	_	_	_	_
gontsa	09	_	_	_	_	_
gontsa	10	_	_	_	_	QGIS
gontsa	11	_	_	_	_	QGIS
gontsa	12	_	_	_	_	QGIS
gontsa	13	_	_	_	_	QGIS
gontsa	14	_	_	_	_	QGIS
gontsa	15	_	_	_	_	QGIS
gontsa	16	_	_	_	_	QGIS
gontsa	17	_	_	_	_	QGIS
gontsa	18	_	_	_	_	QGIS
gontsa	19	_	_	_	_	QGIS
gontsa	20	_	_	_	_	QGIS
gontsa	21	_	_	_	_	QGIS
gontsa	22	_	_	_	_	QGIS
gontsa	23	_	_	_	_	_
gontsa	24	_	_	_	_	QGIS
gontsa	25	_	_	_	_	QGIS
gontsa	26	_	_	_	_	QGIS
gontsa	27	_	_	_	_	QGIS
gontsa	28	_	_	_	_	QGIS
gontsa	29	_	_	_	_	_
gontsa	30	_	_	_	_	QGIS,Blender,Inkscape
grace_miswa	02	_	_	_	_	Mapbox
grace_miswa	04	_	_	_	_	_
greenpath_urban	24	_	_	_	_	_
greenynorfolk	03	_	_	_	_	_
greenynorfolk	13	_	_	_	_	_
Grisoudre	01	_	_	_	_	R
Grisoudre	02	_	_	_	_	R
Grisoudre	03	_	_	_	_	R
Grisoudre	04	_	_	_	_	R
Grisoudre	05	_	_	_	_	_
Grisoudre	06	_	_	_	_	R
Grisoudre	07	_	_	_	_	R
Grisoudre	08	_	_	_	_	R
Grisoudre	09	_	_	_	_	R
Grisoudre	10	_	_	_	_	R
Grisoudre	11	_	_	_	_	QGIS
Grisoudre	12	_	_	_	_	R
Grisoudre	13	_	_	_	_	R
Grisoudre	14	_	_	_	_	R
Grisoudre	15	_	_	_	_	R
Grisoudre	16	_	_	_	_	R
Grisoudre	17	_	_	_	_	R,D3.js
Grisoudre	18	_	_	_	_	R
Grisoudre	19	_	_	_	_	R
Grisoudre	20	_	_	_	_	R
Grisoudre	21	_	_	_	_	R
Grisoudre	22	_	_	_	_	R
Grisoudre	23	_	_	_	_	R
Grisoudre	24	_	_	_	_	R
Grisoudre	25	_	_	_	_	R
Grisoudre	26	_	_	_	_	R
Grisoudre	27	_	_	_	_	R
Grisoudre	28	_	_	_	_	R
Grisoudre	29	_	_	_	_	_
Grisoudre	30	_	_	_	_	QGIS
GrrdJul	10	France	_	_	_	QGIS
GrrdJul	15	France	_	_	_	QGIS
Gustav_Ahumada	05	_	_	_	_	_
Gustav_Ahumada	08	Colombia	_	_	_	R
Gustav_Ahumada	21	Colombia	_	_	_	R
GutierrezyMarco	10	_	_	_	_	_
GutierrezyMarco	11	_	_	_	_	_
GutierrezyMarco	19	Mexico	_	_	_	_
hailmika	05	Denmark	_	_	_	_
hansakwast	11	Germany	Tharandt	_	_	QGIS,three.js,Inkscape
hansakwast	17	Netherlands	_	_	_	_
hansakwast	22	Netherlands	Rotterdam	_	_	QGIS
hansakwast	24	Netherlands	_	_	_	_
hansakwast	26	Germany	_	_	_	QGIS
hansakwast	27	Germany	_	_	_	QGIS
hansakwast	30	Netherlands	Rotterdam	_	_	QGIS,three.js,Inkscape
HarelDan	04	_	_	_	_	_
Havegum	02	_	_	_	_	_
HeikkiVesanto	01	_	_	_	_	_
HeikkiVesanto	03	_	_	_	_	_
HeikkiVesanto	04	_	_	_	_	_
HeikkiVesanto	05	_	_	_	_	_
HeikkiVesanto	06	_	_	_	_	_
HeikkiVesanto	07	_	_	_	_	_
HeikkiVesanto	08	_	_	_	_	_
HeikkiVesanto	09	_	_	_	_	_
HeikkiVesanto	10	_	_	_	_	_
HeikkiVesanto	11	_	_	_	_	_
HeikkiVesanto	12	_	_	_	_	_
HeikkiVesanto	13	_	_	_	_	_
HeikkiVesanto	14	_	_	_	_	_
HeikkiVesanto	15	_	_	_	_	_
HeikkiVesanto	16	_	_	_	_	_
HeikkiVesanto	17	_	_	_	_	_
HeikkiVesanto	18	_	_	_	_	_
HeikkiVesanto	19	_	_	_	_	_
HeikkiVesanto	20	_	_	_	_	_
HeikkiVesanto	21	_	_	_	_	_
HeikkiVesanto	22	_	_	_	_	_
HeikkiVesanto	23	_	_	_	_	_
HeikkiVesanto	24	_	_	_	_	_
HeikkiVesanto	25	_	_	_	_	_
HeikkiVesanto	26	_	_	_	_	_
HeikkiVesanto	27	_	_	_	_	_
HeikkiVesanto	28	_	_	_	_	_
HeikkiVesanto	29	_	_	_	_	_
HeikkiVesanto	30	_	_	_	_	_
HelenOfStow	01	_	_	_	_	_
HelenOfStow	02	_	_	_	_	_
HelenOfStow	03	_	_	_	_	_
HelenOfStow	04	_	_	_	_	_
HelenOfStow	05	_	_	_	_	_
HelenOfStow	06	_	_	_	_	ArcGIS
HelenOfStow	07	_	_	_	_	ArcGIS
HelenOfStow	08	_	_	_	_	_
HelenOfStow	11	_	_	_	_	_
HelenOfStow	13	_	_	_	_	_
HelenOfStow	19	_	_	_	_	_
hendrikxleo	01	_	_	_	_	QGIS
hendrikxleo	02	_	_	_	_	_
hendrikxleo	03	_	_	_	_	_
hendrikxleo	04	_	_	_	_	_
hendrikxleo	05	_	_	_	_	_
hendrikxleo	06	_	_	_	_	_
hendrikxleo	07	_	_	_	_	_
hendrikxleo	08	_	_	_	_	_
hendrikxleo	09	_	_	_	_	_
hendrikxleo	10	_	_	_	_	_
hendrikxleo	12	_	_	_	_	_
hendrikxleo	13	_	_	_	_	_
hendrikxleo	14	_	_	_	_	_
hendrikxleo	15	_	_	_	_	_
hendrikxleo	16	_	_	_	_	_
hendrikxleo	17	_	_	_	_	_
hendrikxleo	18	_	_	_	_	QGIS
hendrikxleo	19	_	_	_	_	_
hendrikxleo	20	_	_	_	_	_
hendrikxleo	21	_	_	_	_	_
hendrikxleo	22	_	_	_	_	_
hendrikxleo	23	_	_	_	_	_
hendrikxleo	24	_	_	_	_	_
hendrikxleo	25	_	_	_	_	_
hendrikxleo	26	_	_	_	_	_
hendrikxleo	27	_	_	_	_	_
hendrikxleo	28	_	_	_	_	_
hendrikxleo	29	_	_	_	_	_
hendrikxleo	30	_	_	_	_	_
hireuter	01	_	_	_	_	_
hireuter	02	Europe	_	transport	lines	D3.js
hireuter	03	Europe	_	administrative boundaries	_	_
hireuter	04	_	_	_	_	_
hireuter	05	_	_	_	_	_
hireuter	06	_	_	_	_	_
hireuter	07	_	_	_	_	_
hireuter	08	_	_	_	_	ArcGIS
hireuter	09	_	_	_	_	Leaflet
hireuter	10	_	_	_	_	ArcGIS,Leaflet
hireuter	11	_	_	_	_	_
hireuter	12	_	_	_	_	_
hireuter	13	_	_	_	_	_
hireuter	14	_	_	_	_	_
hireuter	15	Europe	_	names	_	_
hireuter	16	_	_	_	_	_
hireuter	17	_	_	_	_	_
hireuter	18	_	_	_	_	_
hireuter	19	_	_	_	_	_
hireuter	20	_	_	_	_	_
hireuter	21	_	_	_	_	_
hireuter	22	_	_	_	_	_
hireuter	23	_	_	_	_	_
hireuter	24	_	_	_	_	_
hireuter	25	_	_	_	_	_
hireuter	26	_	_	_	_	_
hireuter	27	_	_	_	_	_
hireuter	28	_	_	_	_	_
hireuter	29	Europe	_	_	PostGIS	PostGIS
hireuter	30	_	_	_	_	_
HomesteadPost	11	_	_	_	_	_
hrbrmstr	01	USA	_	technology	points,small multiples	R
hrbrmstr	02	World	_	_	lines	R
hrbrmstr	03	USA	_	technology	heatmap	R
hrbrmstr	04	World	_	crime	hexagons	R
hrbrmstr	05	USA	_	climate	choropleth,animation	R
hrbrmstr	06	World	_	health	choropleth	R
hrbrmstr	07	Other	_	technology	_	R
hrbrmstr	08	USA	_	names	_	R
hrbrmstr	09	World	_	_	animation	R
hrbrmstr	10	USA	_	transport	lines	R
hrbrmstr	11	USA	_	_	_	R
hrbrmstr	12	USA	_	travel	lines,small multiples	R
hrbrmstr	13	USA	_	transport	lines,animation	R
hrbrmstr	14	USA	_	administrative boundaries,politics	choropleth	R
hrbrmstr	15	USA	_	names	_	R
hrbrmstr	16	USA	_	_	points	R
hrbrmstr	17	World	_	crime	_	R
hrbrmstr	18	World	_	technology	lines,interactive	R,three.js,Inkscape
hrbrmstr	19	USA	_	_	choropleth	R
hrbrmstr	20	USA	_	_	choropleth	R
hrbrmstr	21	USA	_	_	_	R
hrbrmstr	22	USA	_	_	choropleth	R
hrbrmstr	23	USA	_	animals	points,choropleth	R
hrbrmstr	24	USA	_	population	choropleth,cartogram	R
hrbrmstr	25	USA	_	climate	_	R
hrbrmstr	26	USA	_	_	_	R
hrbrmstr	27	USA	_	_	_	R
hrbrmstr	28	Europe	_	_	points	R
hrbrmstr	29	Other	_	_	_	R
hrbrmstr	30	USA	_	_	geofacet graphs,choropleth	R
hudsonseb	01	_	_	_	_	QGIS
humbertoivanrm	01	_	_	_	_	_
humbertoivanrm	02	_	_	_	_	_
humbertoivanrm	04	_	_	_	_	QGIS,ArcGIS
humbertoivanrm	10	_	_	_	_	_
HutterNils	13	_	_	_	_	_
iamreddave	01	_	_	_	_	_
iamreddave	04	_	_	_	_	_
iamreddave	21	_	_	_	_	_
iamreddave	22	_	_	_	_	_
IIEGJ	01	_	_	_	_	_
IIEGJ	02	_	_	_	_	_
IIEGJ	03	_	_	_	_	_
IIEGJ	04	_	_	_	_	_
IIEGJ	05	_	_	_	_	_
IIEGJ	06	_	_	_	_	_
IIEGJ	07	_	_	_	_	_
IIEGJ	08	_	_	_	_	_
IIEGJ	09	_	_	_	_	_
IIEGJ	10	_	_	_	_	_
IIEGJ	11	_	_	_	_	_
IIEGJ	12	_	_	_	_	_
IIEGJ	13	_	_	_	_	_
IIEGJ	14	_	_	_	_	_
IIEGJ	15	_	_	_	_	_
IIEGJ	16	_	_	_	_	_
IIEGJ	17	_	_	_	_	_
IIEGJ	18	_	_	_	_	_
IIEGJ	19	_	_	_	_	_
IIEGJ	20	_	_	_	_	_
IIEGJ	21	_	_	_	_	_
IIEGJ	22	_	_	_	_	_
IIEGJ	23	_	_	_	_	_
IIEGJ	24	_	_	_	_	_
IIEGJ	25	_	_	_	_	_
IIEGJ	26	_	_	_	_	_
IIEGJ	27	_	_	_	_	_
IIEGJ	28	_	_	_	_	_
IIEGJ	29	_	_	_	_	_
IIEGJ	30	_	_	_	_	_
ijturton	01	_	_	_	_	QGIS
ijturton	02	_	_	_	_	QGIS
ijturton	03	_	_	_	_	_
ijturton	04	_	_	_	_	QGIS
ijturton	05	_	_	_	_	QGIS
ijturton	06	_	_	_	_	_
ijturton	07	_	_	_	_	_
ijturton	08	_	_	_	_	QGIS
ijturton	09	_	_	_	_	QGIS
ijturton	10	_	_	_	_	QGIS
ijturton	11	_	_	_	_	QGIS
ijturton	12	_	_	_	_	QGIS
ijturton	13	_	_	_	_	_
ijturton	14	_	_	_	_	_
ijturton	15	_	_	_	_	_
ijturton	16	_	_	_	_	_
ijturton	17	_	_	_	_	_
ijturton	18	_	_	_	_	QGIS
ijturton	19	_	_	_	_	QGIS
ijturton	20	_	_	_	_	_
ijturton	21	_	_	_	_	QGIS
ijturton	22	_	_	_	_	QGIS
ijturton	23	_	_	_	_	_
ijturton	24	_	_	_	_	_
ijturton	25	_	_	_	_	QGIS
ijturton	26	_	_	_	_	_
ijturton	27	_	_	_	_	QGIS
ijturton	28	_	_	_	_	_
ijturton	29	_	_	_	_	QGIS
ijturton	30	_	_	_	_	_
ikashnitsky	01	_	_	_	_	R
ikashnitsky	23	_	_	_	_	R
ImperiiaProject	26	_	_	_	_	_
inari_ta	01	_	_	_	_	_
inari_ta	02	_	_	_	_	_
inari_ta	03	_	_	_	_	_
inari_ta	04	_	_	_	_	_
inari_ta	05	_	_	_	_	_
inari_ta	06	_	_	_	_	_
inari_ta	07	_	_	_	_	_
inari_ta	08	_	_	_	_	_
inari_ta	09	_	_	_	_	_
inari_ta	10	_	_	_	_	_
inari_ta	11	_	_	_	_	_
indiaviz	02	_	_	_	_	_
indiaviz	04	_	_	_	_	_
indiaviz	05	_	_	_	_	_
indiaviz	11	_	_	_	_	_
ing_ressive	04	_	_	_	_	_
ing_ressive	21	_	_	_	_	_
Innisfree	01	_	_	_	_	_
Innisfree	02	_	_	_	_	_
Innisfree	03	_	_	_	_	_
Innisfree	04	_	_	_	_	hand drawn
Innisfree	05	_	_	_	_	hand drawn
insituphile	01	_	_	_	_	_
insituphile	02	_	_	_	_	_
iridium	23	_	_	_	_	_
iservia	01	_	_	_	_	_
iservia	02	_	_	_	_	_
iservia	03	_	_	_	_	_
iservia	04	Spain	_	_	_	_
iservia	05	_	_	_	_	_
iservia	06	Spain	_	_	_	_
iservia	07	Spain	_	_	_	_
iservia	08	Spain	_	_	_	_
iservia	09	_	_	_	_	_
iservia	10	Spain	_	_	_	QGIS
iservia	11	_	_	_	_	_
iservia	12	_	_	_	_	_
iservia	13	_	_	_	_	_
iservia	14	_	_	_	_	_
iservia	15	_	_	_	_	_
iservia	16	Argentina	Buenos Aires	_	_	_
iservia	17	_	_	_	_	_
iservia	18	World	_	_	_	_
iservia	19	_	_	_	_	_
iservia	20	Spain	_	_	_	_
iservia	21	_	_	_	_	_
iservia	22	_	_	_	_	_
iservia	23	Spain	_	_	_	_
iservia	24	_	_	_	_	_
iservia	25	Spain	_	_	_	_
iservia	26	Spain	_	_	_	_
iservia	27	_	_	_	_	_
iservia	28	_	_	_	_	_
iservia	29	_	_	_	_	_
iservia	30	_	_	_	_	_
IvettAlexa	02	_	_	_	_	ArcGIS
IvettAlexa	03	_	_	_	_	_
IvettAlexa	04	_	_	_	_	_
IvettAlexa	05	_	_	_	_	_
IvettAlexa	10	_	_	_	_	QGIS
J_Rdrgz	02	_	_	_	_	_
jacopofochi	08	_	_	_	_	_
jacopofochi	11	_	_	_	_	_
jccpmx	01	_	_	_	_	_
jccpmx	02	_	_	_	_	_
jccpmx	03	_	_	_	_	_
jccpmx	04	_	_	_	_	_
jccpmx	05	_	_	_	_	_
jccpmx	06	_	_	_	_	_
jccpmx	07	_	_	_	_	_
jccpmx	08	_	_	_	_	_
jccpmx	11	_	_	_	_	_
jccpmx	12	_	_	_	_	_
jccpmx	13	_	_	_	_	_
jccpmx	14	_	_	_	_	_
jccpmx	15	_	_	_	_	_
jccpmx	16	_	_	_	_	_
jccpmx	17	_	_	_	_	_
jccpmx	19	_	_	_	_	_
jccpmx	20	_	_	_	_	_
jccpmx	21	_	_	_	_	_
jccpmx	23	_	_	_	_	_
jccpmx	24	_	_	_	_	_
jccpmx	26	_	_	_	_	_
jccpmx	28	_	_	_	_	_
JeffersonKlo	07	_	_	_	_	_
jerry_shannon	01	_	_	_	_	QGIS
jerry_shannon	02	_	_	_	_	_
jerry_shannon	03	_	_	_	_	QGIS,R
jerry_shannon	04	_	_	_	_	R
jerry_shannon	05	_	_	_	_	QGIS
jerry_shannon	06	_	_	_	_	QGIS,R
jerry_shannon	07	_	_	_	_	QGIS
jerry_shannon	08	_	_	_	_	_
jerry_shannon	09	_	_	_	_	QGIS,R
jerry_shannon	10	_	_	_	_	QGIS
jerry_shannon	11	_	_	_	_	_
jerry_shannon	12	_	_	_	_	_
jerry_shannon	13	_	_	_	_	QGIS
jerry_shannon	14	_	_	_	_	_
jerry_shannon	15	_	_	_	_	R
jerry_shannon	16	_	_	_	_	_
jerry_shannon	17	_	_	_	_	QGIS,R
jerry_shannon	18	_	_	_	_	_
jerry_shannon	19	_	_	_	_	_
jerry_shannon	20	_	_	_	_	R
jerry_shannon	21	_	_	_	_	QGIS
jerry_shannon	22	_	_	_	_	QGIS
jerry_shannon	23	_	_	_	_	R
jerry_shannon	24	_	_	_	_	QGIS,R
jerry_shannon	25	_	_	_	_	_
jerry_shannon	26	_	_	_	_	QGIS
jerry_shannon	27	_	_	_	_	_
jerry_shannon	28	_	_	_	_	R
jerry_shannon	29	_	_	_	_	_
jerry_shannon	30	_	_	_	_	_
jh550	01	_	_	_	_	ArcGIS
jh550	02	_	_	_	_	_
jh550	03	_	_	_	_	_
jh550	04	_	_	_	_	_
jlOlarteQ	04	_	_	_	_	_
jlOlarteQ	12	_	_	_	_	_
jlOlarteQ	19	_	_	_	_	_
jlOlarteQ	23	_	_	_	_	_
jlOlarteQ	29	_	_	_	_	_
jlOlarteQ	30	_	_	_	_	_
jmtoralc	01	_	_	_	_	_
jmtoralc	02	_	_	_	_	_
jmtoralc	03	_	_	_	_	_
jmtoralc	10	_	_	_	_	_
jmtoralc	14	_	_	_	_	QGIS
joannecheng	02	_	_	_	_	_
joannecheng	03	_	_	_	_	_
joannecheng	04	_	_	_	_	_
jonolave	01	Norway	Oslo	_	_	_
jonolave	02	Europe	Oslo	_	_	_
jonolave	03	Norway	_	_	_	_
jonolave	04	Norway	_	_	_	_
jonolave	05	_	_	_	_	_
jonolave	06	World	_	_	_	_
jonolave	07	Norway	_	_	_	_
jonolave	08	Norway,Sweden,Finland	_	_	_	_
jonolave	09	_	_	_	_	_
jonolave	11	_	_	_	_	QGIS,Photoshop
jonolave	12	_	_	_	_	_
jonolave	13	_	_	_	_	_
jonolave	14	_	_	_	_	_
jonolave	15	_	_	_	_	_
jonolave	16	_	_	_	_	_
JorisEekhout	01	_	_	_	_	_
JorisEekhout	03	_	_	_	_	_
JorisEekhout	04	_	_	_	_	_
JorisEekhout	05	_	_	_	_	_
JorisEekhout	06	_	_	_	_	_
JorisEekhout	07	_	_	_	_	_
JorisEekhout	08	_	_	_	_	_
JorisEekhout	09	_	_	_	_	_
JorisEekhout	10	_	_	_	_	_
JorisEekhout	11	_	_	_	_	_
JorisEekhout	12	_	_	_	_	_
JorisEekhout	13	_	_	_	_	_
JorisEekhout	14	_	_	_	_	_
JorisEekhout	15	_	_	_	_	_
JorisEekhout	16	_	_	_	_	_
JorisEekhout	17	_	_	_	_	_
JorisEekhout	18	_	_	_	_	_
JorisEekhout	19	_	_	_	_	_
JorisEekhout	20	_	_	_	_	_
JorisEekhout	21	_	_	_	_	_
JorisEekhout	22	_	_	_	_	_
JorisEekhout	23	_	_	_	_	_
JorisEekhout	24	_	_	_	_	_
JorisEekhout	25	_	_	_	_	_
JorisEekhout	26	_	_	_	_	_
JorisEekhout	27	_	_	_	_	_
JorisEekhout	28	_	_	_	_	_
JorisEekhout	29	_	_	_	_	Blender
JorisEekhout	30	_	_	_	_	_
josephlewis1992	01	China	_	_	_	_
josephlewis1992	02	United Kingdom	_	_	_	_
josephlewis1992	03	United Kingdom	_	_	_	_
josephlewis1992	04	China	_	_	_	_
joshua_sumers	04	_	_	_	_	_
joshua_sumers	05	USA	_	_	_	_
joshua_sumers	09	_	_	_	_	_
Juanizio_C	01	Chile	Santiago	_	_	_
Juanizio_C	02	Chile	Santiago	_	_	_
Juanizio_C	03	Chile	Santiago	_	_	_
Juanizio_C	04	Chile	Santiago	_	_	_
Juanizio_C	05	_	_	_	_	_
Juanizio_C	06	Chile	Santiago	_	_	_
Juanizio_C	07	Chile	Santiago	_	_	_
Juanizio_C	08	Chile	Santiago	_	_	_
Juanizio_C	09	Chile	Santiago	_	_	_
Juanizio_C	10	Chile	Santiago	_	_	_
Juanizio_C	11	Chile	Santiago	_	_	_
Juanizio_C	12	Chile	Santiago	_	_	_
Juanizio_C	13	Chile	Santiago	_	_	_
Juanizio_C	14	Chile	Santiago	_	_	_
Juanizio_C	15	Chile	Santiago	_	_	_
Juanizio_C	16	Chile	Santiago	_	_	_
Juanizio_C	17	Chile	Santiago	_	_	_
Juanizio_C	18	Chile	Santiago	_	_	_
Juanizio_C	19	Chile	Santiago	_	_	_
Juanizio_C	20	Chile	Santiago	_	_	_
Juanizio_C	21	Chile	Santiago	_	_	_
Juanizio_C	22	Chile	Santiago	_	_	_
Juanizio_C	23	Chile	Santiago	_	_	_
Juanizio_C	24	Chile	Santiago	_	_	_
Juanizio_C	26	Chile	Santiago	_	_	_
Juanizio_C	27	Chile	Santiago	_	_	_
Juanizio_C	28	Chile	Santiago	_	_	_
Juanizio_C	29	Chile	Santiago	_	_	_
Juanizio_C	30	Chile	Santiago	_	_	_
Junevgt	03	Other	_	_	_	_
Junevgt	04	World	_	_	_	_
JuvenalCamposF	01	_	_	_	_	R
JuvenalCamposF	02	_	_	_	_	R
JuvenalCamposF	03	_	_	_	_	R
JuvenalCamposF	04	_	_	_	_	R
JuvenalCamposF	05	_	_	_	_	_
JuvenalCamposF	06	_	_	_	_	R
JuvenalCamposF	07	_	_	_	_	_
JuvenalCamposF	08	_	_	_	_	_
JuvenalCamposF	09	_	_	_	_	R
JuvenalCamposF	10	_	_	_	_	R
JuvenalCamposF	11	_	_	_	_	R
JuvenalCamposF	12	_	_	_	_	R
JuvenalCamposF	13	_	_	_	_	R
JuvenalCamposF	14	_	_	_	_	_
JuvenalCamposF	15	_	_	_	_	_
JuvenalCamposF	16	_	_	_	_	R
JuvenalCamposF	17	_	_	_	_	R
JuvenalCamposF	18	_	_	_	_	R
JuvenalCamposF	19	_	_	_	_	_
JuvenalCamposF	20	_	_	_	_	R
JuvenalCamposF	21	_	_	_	_	R
JuvenalCamposF	22	_	_	_	_	R
JuvenalCamposF	23	_	_	_	_	R
JuvenalCamposF	24	_	_	_	_	R
JuvenalCamposF	25	_	_	_	_	R
JuvenalCamposF	26	_	_	_	_	R
JuvenalCamposF	27	_	_	_	_	_
JuvenalCamposF	28	_	_	_	_	R,Leaflet
JuvenalCamposF	30	_	_	_	_	_
JWanhalinna	04	_	_	_	_	_
jwoLondon	02	United Kingdom	_	_	_	Vega-Lite
jwoLondon	03	United Kingdom	London	_	_	Vega-Lite
jwoLondon	04	United Kingdom	_	_	_	Vega-Lite
jwoLondon	05	World	_	_	_	Vega-Lite
jwoLondon	06	United Kingdom	_	_	_	Vega-Lite
jwoLondon	07	United Kingdom	_	_	_	Vega-Lite
jwoLondon	08	United Kingdom	London	_	_	Vega-Lite
jwoLondon	09	USA	_	_	_	Vega-Lite
jwoLondon	10	United Kingdom	_	_	_	Vega-Lite
jwoLondon	11	United Kingdom	_	_	_	Vega-Lite
jwoLondon	12	USA	_	_	_	Vega-Lite
jwoLondon	13	United Kingdom	_	_	_	Vega-Lite
jwoLondon	14	United Kingdom	London	_	_	Vega-Lite
jwoLondon	15	United Kingdom	London	_	_	Vega-Lite
jwoLondon	16	World	_	_	_	Vega-Lite
jwoLondon	17	Antarctica	_	_	_	Vega-Lite
jwoLondon	18	United Kingdom	_	_	_	Vega-Lite
jwoLondon	19	United Kingdom	_	_	_	Vega-Lite
jwoLondon	21	United Kingdom	London	_	_	Vega-Lite
jwoLondon	22	United Kingdom	London	_	_	Vega-Lite
jwoLondon	23	USA	_	_	_	Vega-Lite
jwoLondon	24	United Kingdom	_	_	_	Vega-Lite
jwoLondon	25	United Kingdom	_	_	_	Vega-Lite
jwoLondon	26	United Kingdom	_	_	_	Vega-Lite
jwoLondon	27	USA	_	_	_	Vega-Lite
jwoLondon	28	Other	_	_	_	Vega-Lite
jwoLondon	29	Other	_	_	_	Vega-Lite
jwoLondon	30	United Kingdom	_	_	_	Vega-Lite
kaankalkan	02	Turkey	_	_	_	_
kahosford	19	Canada	Vancouver	_	_	_
Kaihopu	04	New Zealand	_	_	_	_
Kaihopu	06	_	_	_	_	_
Kaihopu	11	_	_	_	_	_
karim_douieb	01	World	_	_	_	_
karim_douieb	02	Belgium,Netherlands	Brussels,Amsterdam	_	_	_
karim_douieb	03	USA,Belgium,United Kingdom,Germany,Netherlands,France,Canada,Italy,Japan,India,Egypt,Australia,South Africa,Mexico,Brazil	San Francisco,Brussels,New York,London,Berlin,Amsterdam,Paris,Montreal,Rome,Tokyo,New Delhi,Cairo,Sydney,Johannesburg,Mexico City,So Paulo	_	_	Mapbox
karim_douieb	04	USA	_	_	_	_
karim_douieb	05	_	_	_	_	_
karim_douieb	06	World	_	_	_	_
karim_douieb	07	World	_	_	_	_
karim_douieb	08	Indonesia	_	_	_	Blender
karim_douieb	09	Australia	_	_	_	Blender
karim_douieb	10	United Kingdom	Gibraltar	_	_	_
karim_douieb	11	Belgium	_	_	_	Blender
Kate_GIS	01	United Kingdom,Ireland	_	_	_	_
Kate_GIS	02	United Kingdom	_	_	_	_
Kate_GIS	03	United Kingdom	_	_	_	_
Kate_GIS	06	United Kingdom	_	_	_	_
kbakaric1	01	_	_	_	_	R
kbakaric1	04	_	_	_	_	R
KeirClarke	12	_	_	_	_	_
kemby_geo	07	_	_	_	_	_
kemby_geo	15	_	_	_	_	_
kemby_geo	30	_	_	_	_	_
kendelldotio	12	_	_	_	_	_
kendelldotio	20	_	_	_	_	_
kennethfield	06	_	_	_	_	_
kennethfield	07	_	_	_	_	_
kennethfield	08	_	_	_	_	_
kerooksblog	01	_	_	_	_	_
kerooksblog	06	_	_	_	_	QGIS
kerooksblog	08	_	_	_	_	QGIS
kerooksblog	13	_	_	_	_	_
kerooksblog	26	_	_	_	_	QGIS
kevpluck	01	_	_	_	_	_
kevpluck	02	_	_	_	_	_
kgjenkins	01	_	_	_	_	_
kgjenkins	02	_	_	_	_	_
Kim_Fitter	08	_	_	_	_	_
Kim_Fitter	10	_	_	_	_	R
Kim_Fitter	11	_	_	_	_	_
Kim_Fitter	13	_	_	_	_	R
Kim_Fitter	15	_	_	_	_	R,D3.js
kimus_93	01	_	_	_	_	_
kimus_93	02	_	_	_	_	QGIS
kimus_93	04	_	_	_	_	_
kimus_93	05	_	_	_	_	_
kimus_93	06	_	_	_	_	GIMP
kimus_93	07	_	_	_	_	_
kimus_93	08	_	_	_	_	QGIS
KiriCarini	02	USA	New York	_	_	QGIS,D3.js
kiwirebecca	13	New Zealand	Wellington	_	_	_
knozi1	08	Austria	_	_	_	_
knozi1	12	Austria	_	_	_	_
knozi1	15	Austria	_	_	_	_
knozi1	22	Austria	_	_	_	_
knozi1	23	Austria	_	_	_	_
kovalainenaa	06	World	_	_	_	_
kriksine	01	_	_	_	_	_
kriksine	03	_	_	_	_	_
kriksine	05	_	_	_	_	_
kriksine	10	_	_	_	_	_
kriksine	11	_	_	_	_	_
kriksine	12	_	_	_	_	_
kriksine	13	_	_	_	_	_
kriksine	14	_	_	_	_	_
kriksine	26	_	_	_	_	_
kriksine	27	_	_	_	_	_
kriksine	28	_	_	_	_	_
kwsSanDiego	04	_	_	_	_	_
kwsSanDiego	05	_	_	_	_	_
kwsSanDiego	07	_	_	_	_	_
kwsSanDiego	14	_	_	_	_	QGIS,PostGIS
kwsSanDiego	15	_	_	_	_	_
kwsSanDiego	18	_	_	_	_	_
lacxrx	01	_	_	_	_	QGIS
lacxrx	02	_	_	_	_	QGIS
lacxrx	03	_	_	_	_	QGIS
lacxrx	04	_	_	_	_	QGIS
lacxrx	06	_	_	_	_	QGIS
lacxrx	07	_	_	_	_	QGIS
lacxrx	08	_	_	_	_	QGIS
lacxrx	09	_	_	_	_	QGIS
lacxrx	10	_	_	_	_	QGIS,D3.js
lacxrx	11	_	_	_	_	QGIS
lacxrx	12	_	_	_	_	QGIS
lacxrx	13	_	_	_	_	QGIS
lacxrx	14	_	_	_	_	QGIS
lacxrx	15	_	_	_	_	QGIS
lacxrx	16	_	_	_	_	QGIS
lacxrx	17	_	_	_	_	QGIS,R
lacxrx	18	_	_	_	_	_
lacxrx	19	_	_	_	_	QGIS
lacxrx	20	_	_	_	_	QGIS
lacxrx	21	_	_	_	_	QGIS
lacxrx	22	_	_	_	_	QGIS
lacxrx	23	_	_	_	_	QGIS
lacxrx	24	_	_	_	_	QGIS
lacxrx	25	_	_	_	_	_
lacxrx	26	_	_	_	_	QGIS
lacxrx	27	_	_	_	_	QGIS
lacxrx	28	_	_	_	_	QGIS
lacxrx	29	_	_	_	_	QGIS
lacxrx	30	_	_	_	_	_
Landa23	01	_	_	_	_	QGIS
Landa23	02	_	_	_	_	_
Landa23	03	_	_	_	_	_
Landa23	07	_	_	_	_	_
LASACONGRESS	01	_	_	_	_	_
laurentgontier	04	_	_	_	_	_
laurentgontier	14	_	_	_	_	_
lcgeography	11	_	_	_	_	ArcGIS
LDSISurveying	02	_	_	_	_	_
LDSISurveying	03	_	_	_	_	_
LDSISurveying	04	_	_	_	_	_
LDSISurveying	06	_	_	_	_	_
LDSISurveying	07	_	_	_	_	_
LGeospatial	02	_	_	_	_	_
LGeospatial	14	_	_	_	_	_
LGeospatial	23	_	_	_	_	_
lhubrechsen	01	_	_	_	_	QGIS
lhubrechsen	02	_	_	_	_	_
lhubrechsen	06	_	_	_	_	_
lifelearner47	04	_	_	_	_	_
LINZLDS	05	_	_	_	_	_
livia_jakob	19	_	_	_	_	_
livia_jakob	26	_	_	_	_	QGIS
LocalFocusNL	01	_	_	_	_	_
LocalFocusNL	02	_	_	_	_	_
LocalFocusNL	03	_	_	_	_	_
LocalFocusNL	04	_	_	_	_	_
LocalFocusNL	05	_	_	_	_	_
LocalFocusNL	06	_	_	_	_	_
LocalFocusNL	07	_	_	_	_	_
LocalFocusNL	08	_	_	_	_	_
LocalFocusNL	09	_	_	_	_	_
LocalFocusNL	10	_	_	_	_	_
LocalFocusNL	11	_	_	_	_	_
LocalFocusNL	12	_	_	_	_	_
LocalFocusNL	13	_	_	_	_	_
LocalFocusNL	14	_	_	_	_	_
LocalFocusNL	15	_	_	_	_	_
LocalFocusNL	16	_	_	_	_	_
LocalFocusNL	17	_	_	_	_	_
LocalFocusNL	18	_	_	_	_	_
LocalFocusNL	19	_	_	_	_	_
LocalFocusNL	20	_	_	_	_	_
LocalFocusNL	21	_	_	_	_	_
LocalFocusNL	22	_	_	_	_	_
LocalFocusNL	23	_	_	_	_	_
LocalFocusNL	24	_	_	_	_	_
LocalFocusNL	25	_	_	_	_	_
LocalFocusNL	26	_	_	_	_	_
LocalFocusNL	27	_	_	_	_	_
LocalFocusNL	28	_	_	_	_	_
LocalFocusNL	29	_	_	_	_	_
LocalFocusNL	30	_	_	_	_	D3.js
LuisAguilarCruz	04	_	_	_	_	_
lutraconsulting	26	_	_	_	_	_
lvmgeo	05	_	_	_	_	_
lvmgeo	08	_	_	_	_	_
lvmgeo	11	_	_	_	_	_
lvmgeo	12	_	_	_	_	_
lyzidiamond	01	World	_	earthquakes	interactive,points	Mapbox
lyzidiamond	02	World	_	transport	interactive,lines	Mapbox,Leaflet
lyzidiamond	03	World	_	_	uncommon projections	QGIS
m_michalko	11	Slovakia	_	_	_	_
m_raistr	01	United Kingdom	_	_	_	_
m_raistr	02	United Kingdom	_	_	_	_
m_raistr	03	United Kingdom	_	_	_	_
maartenzam	01	Europe	_	_	_	_
maartenzam	02	World	_	_	_	R
maartenzam	03	Belgium	_	_	_	_
maartenzam	04	Europe	_	_	_	R
maartenzam	05	Belgium	_	_	_	_
maartenzam	06	Belgium	_	_	_	_
maartenzam	07	World	_	_	_	_
maartenzam	09	Belgium	Geel	_	_	_
maartenzam	10	Belgium	Brussels	_	_	_
maartenzam	11	Belgium	_	_	_	_
maartenzam	12	Belgium	_	_	_	_
maartenzam	13	Other	_	_	_	_
maartenzam	14	Belgium,Netherlands	_	_	_	_
maartenzam	15	Belgium	_	_	_	_
maartenzam	16	World	_	_	_	_
maartenzam	17	Belgium	_	_	_	_
maartenzam	18	World	_	_	_	_
maartenzam	19	World	_	_	_	_
maartenzam	20	Belgium	Diest	_	_	_
maartenzam	21	Belgium	Diest	_	_	_
maartenzam	22	Belgium	Diest	_	_	_
maartenzam	23	Belgium	_	_	_	_
maartenzam	24	Belgium	_	_	_	_
maartenzam	25	World	_	_	cartogram	_
maartenzam	26	Europe	_	_	_	_
maartenzam	27	Europe	_	_	_	_
maartenzam	28	Europe	_	_	_	_
maartenzam	29	Belgium	_	_	_	_
maartenzam	30	Belgium	_	_	_	_
mackenzieob210	26	USA	_	_	_	_
magonza9	01	Chile	Santiago	_	_	_
magonza9	02	Chile	_	_	_	_
magonza9	03	Chile	_	_	_	_
magonza9	04	Chile	Santiago	_	_	_
magonza9	05	Chile	_	_	_	_
magonza9	06	Chile	Santiago	_	_	_
magonza9	07	Chile	Santiago	_	_	_
magonza9	08	Chile	Santiago	_	_	_
magonza9	09	_	_	_	_	_
magonza9	10	Chile	_	_	_	_
ManAboutCouch	22	Ireland	Dublin	_	_	_
mapmakerdavid	01	New Zealand	_	earthquakes	points	QGIS
mapmakerdavid	02	Oceania	_	climate	lines	QGIS
mapmakerdavid	03	World	_	_	_	QGIS
mapmakerdavid	04	New Zealand	_	_	hexagons	_
mapmakerdavid	05	Asia,Oceania	_	_	_	QGIS
mapmakerdavid	06	Oceania	_	_	_	QGIS,Blender
mapmakerdavid	07	Philippines	Quezon City	_	points	_
MapMakinMeyers	01	_	_	population	_	_
MapMakinMeyers	02	World	_	_	_	_
MapMakinMeyers	03	Central America	_	_	_	_
MapMakinMeyers	05	Tanzania	_	_	_	_
MapMakinMeyers	07	Finland	Helsinki	_	_	_
MapMakinMeyers	08	Central America	_	_	_	_
MapMakinMeyers	09	World	_	_	_	_
MapMakinMeyers	10	USA	_	_	_	_
MapMakinMeyers	11	Netherlands	_	_	_	_
MapMakinMeyers	13	USA	_	_	_	_
MapMakinMeyers	14	China	_	_	_	_
MapMakinMeyers	19	Romania	_	_	_	_
MapNav_Tom	07	_	_	_	_	QGIS,three.js,Inkscape
maptastik	01	_	_	_	_	_
maptastik	02	_	_	_	_	_
maptastik	03	_	_	_	_	_
maptastik	04	_	_	_	_	QGIS
maptastik	05	_	_	_	_	_
maptastik	06	_	_	_	_	_
maptastik	07	_	_	_	_	_
maptastik	08	_	_	_	_	_
maptastik	09	_	_	_	_	_
maptastik	10	_	_	_	_	_
maptastik	11	_	_	_	_	_
maptheclouds	04	_	_	_	_	QGIS,D3.js
maptheclouds	24	_	_	_	_	QGIS,D3.js
marcel__dekker	03	_	_	_	_	_
marcel__dekker	19	_	_	_	_	QGIS
marcmarean	01	_	_	_	_	_
marcmarean	02	_	_	_	_	_
marcmarean	03	_	_	_	_	_
marcmarean	04	_	_	_	_	_
marcmarean	06	_	_	_	_	_
MarcoMinghini	01	World	_	_	points	QGIS
MarcoMinghini	02	Italy	Como	_	lines,gps	Mapbox
MarcoMinghini	03	Italy	Milan	_	_	QGIS
MarcoMinghini	04	Tanzania	Dar es Salaam	_	hexagons	QGIS
MarcoMinghini	05	Italy	Rome	_	_	QGIS
MarcoMinghini	06	Italy	_	_	_	QGIS
MarcoMinghini	07	Italy	_	_	_	QGIS
MarcoMinghini	08	Italy	_	_	_	QGIS
MarcoMinghini	09	Spain	Zaragoza	_	_	_
MarcoMinghini	10	Italy	Milan	_	_	QGIS
MarcoMinghini	11	Italy	_	_	_	QGIS
MarcoMinghini	12	Italy	_	transport	lines	QGIS
MarcoMinghini	13	Italy	Como	_	lines,gps	QGIS
MarcoMinghini	14	Europe	_	_	choropleth	QGIS
MarcoMinghini	15	Italy	_	names	_	_
MarcoMinghini	16	Italy	_	_	points	QGIS
MarcoMinghini	17	Italy	_	_	_	QGIS
MarcoMinghini	18	World	_	_	_	_
MarcoMinghini	19	Italy	Milan	_	_	QGIS
MarcoMinghini	20	Italy	_	_	_	QGIS
MarcoMinghini	21	Italy	_	_	choropleth	QGIS
MarcoMinghini	22	Italy	Milan	_	_	_
MarcoMinghini	23	Europe	_	population	choropleth	QGIS
MarcoMinghini	24	World	_	_	choropleth	_
MarcoMinghini	25	Europe	_	climate	choropleth	QGIS
MarcoMinghini	26	Italy	_	_	_	QGIS
MarcoMinghini	27	_	_	_	_	_
MarcusNeil	01	_	_	_	_	_
MarcusNeil	02	_	_	_	_	_
MarcusNeil	03	_	_	_	_	_
MarcusNeil	04	_	_	_	_	_
MarcusNeil	07	_	_	_	_	_
Marieannevarga	01	France	Paris	_	points,interactive	Mapbox
MarleneDorgny	01	_	_	_	_	_
MarleneDorgny	02	_	_	_	_	_
MarleneDorgny	03	_	_	_	_	_
MarleneDorgny	04	_	_	_	_	_
MarleneDorgny	06	_	_	_	_	_
MarleneDorgny	07	_	_	_	_	_
MarleneDorgny	08	_	_	_	_	_
MarleneDorgny	10	_	_	_	_	_
MarleneDorgny	11	_	_	_	_	_
MarleneDorgny	14	_	_	_	_	_
MarleneDorgny	15	_	_	_	_	_
MarleneDorgny	16	_	_	_	_	_
MarleneDorgny	19	_	_	_	_	_
MarleneDorgny	21	_	_	_	_	_
MartinBangratz	01	_	_	_	_	_
MartinBangratz	02	_	_	_	_	_
MartinBangratz	03	_	_	_	_	QGIS
MartinBangratz	04	_	_	_	_	_
MartinBangratz	05	_	_	_	_	Photoshop
MartinBangratz	06	_	_	_	_	QGIS
MartinBangratz	07	_	_	_	_	QGIS
MartinBangratz	08	_	_	_	_	QGIS
MartinBangratz	09	_	_	_	_	QGIS
MartinBangratz	11	_	_	_	_	QGIS
MartinBangratz	12	_	_	_	_	QGIS,Photoshop
MartinBangratz	15	_	_	_	_	_
MartinBangratz	19	_	_	_	_	QGIS
MartinSenn6	01	_	_	_	_	_
MartinSenn6	02	_	_	_	_	QGIS
MartinSenn6	03	_	_	_	_	QGIS
MattiJKokkonen	03	_	_	_	_	_
MattiJKokkonen	04	_	_	_	_	_
MattiJKokkonen	16	_	_	_	_	_
MattiJKokkonen	19	_	_	_	_	_
MattiJKokkonen	24	_	_	_	_	_
maurosc3ner	11	_	_	_	_	Leaflet
Meesterdoug	01	_	_	_	_	_
Meesterdoug	04	_	_	_	_	_
micefearboggis	01	_	_	_	_	_
micefearboggis	04	_	_	_	_	_
michelstuyts	04	_	_	_	_	_
michelstuyts	05	_	_	_	_	QGIS
michelstuyts	06	_	_	_	_	QGIS
michelstuyts	07	_	_	_	_	_
michelstuyts	08	_	_	_	_	_
michelstuyts	09	_	_	_	_	_
michelstuyts	10	_	_	_	_	_
michelstuyts	11	_	_	_	_	_
michelstuyts	12	_	_	_	_	_
michelstuyts	13	_	_	_	_	_
michelstuyts	14	_	_	_	_	QGIS
michelstuyts	15	_	_	_	_	_
michelstuyts	16	_	_	_	_	_
michelstuyts	17	_	_	_	_	QGIS
michelstuyts	18	_	_	_	_	_
michelstuyts	19	_	_	_	_	QGIS
michelstuyts	20	_	_	_	_	_
michelstuyts	21	_	_	_	_	_
michelstuyts	22	_	_	_	_	_
michelstuyts	23	_	_	_	_	QGIS
michelstuyts	24	_	_	_	_	_
michelstuyts	25	_	_	_	_	_
michelstuyts	26	_	_	_	_	_
michelstuyts	27	_	_	_	_	_
michelstuyts	28	_	_	_	_	_
michelstuyts	29	_	_	_	_	_
michelstuyts	30	_	_	_	_	_
mikusthetiger	04	_	_	_	_	_
mildthing99	10	_	_	_	_	_
mildthing99	26	_	_	_	_	ArcGIS
mim_djo	04	_	_	_	_	_
MiniTigri	02	_	_	_	_	QGIS
MiniTigri	03	_	_	_	_	QGIS
MiniTigri	04	_	_	_	_	QGIS
MiniTigri	10	_	_	_	_	_
MiniTigri	11	_	_	_	_	_
MiniTigri	12	_	_	_	_	QGIS
MiniTigri	13	_	_	_	_	QGIS
MiniTigri	14	_	_	_	_	QGIS
MiniTigri	15	_	_	_	_	QGIS
MiniTigri	16	_	_	_	_	QGIS
MiniTigri	17	_	_	_	_	QGIS
minus34	23	_	_	_	_	_
minus34	29	Australia	_	population	heatmap,interactive	_
mirzacengic	01	_	_	_	_	R
mirzacengic	02	_	_	_	_	R
mirzacengic	03	_	_	_	_	R
mirzacengic	04	_	_	_	_	R
mirzacengic	05	_	_	_	_	R
mirzacengic	06	_	_	_	_	R
mirzacengic	07	_	_	_	_	R
mirzacengic	08	_	_	_	_	R
mirzacengic	09	_	_	_	_	R
mirzacengic	10	_	_	_	_	R
mishelle_mg	01	_	_	_	_	_
miskaknapek	02	_	_	_	_	_
miskaknapek	04	_	_	_	_	_
mjlegg	10	_	_	_	_	_
mjlegg	23	_	_	_	_	_
mmits003	05	_	_	_	_	_
mmits003	06	_	_	_	_	_
mmits003	07	_	_	_	_	_
mmits003	08	_	_	_	_	_
moaimx	02	_	_	_	_	_
Ms_Pixels	08	_	_	_	_	_
Ms_Pixels	11	_	_	_	_	_
Ms_Pixels	14	_	_	_	_	_
Ms_Pixels	19	_	_	_	_	_
Ms_Pixels	25	_	_	_	_	_
mwigley2	22	_	_	_	_	_
mwigley2	26	_	_	_	_	_
MxDatalab	09	_	_	_	_	_
MxDatalab	22	_	_	_	_	_
my_physical	01	_	_	_	_	_
my_physical	02	_	_	_	_	_
my_physical	03	_	_	_	_	_
my_physical	04	_	_	_	_	_
my_physical	05	_	_	_	_	_
my_physical	06	_	_	_	_	_
my_physical	07	_	_	_	_	_
my_physical	08	_	_	_	_	_
my_physical	09	_	_	_	_	_
my_physical	10	_	_	_	_	_
my_physical	11	_	_	_	_	_
my_physical	12	_	_	_	_	Blender
my_physical	13	_	_	_	_	_
my_physical	14	_	_	_	_	_
my_physical	15	_	_	_	_	_
my_physical	16	_	_	_	_	_
my_physical	17	_	_	_	_	_
my_physical	18	_	_	_	_	Blender
my_physical	19	_	_	_	_	_
my_physical	20	_	_	_	_	_
my_physical	21	_	_	_	_	_
my_physical	22	_	_	_	_	_
my_physical	23	_	_	_	_	_
my_physical	24	_	_	_	_	_
my_physical	25	_	_	_	_	_
my_physical	26	_	_	_	_	_
my_physical	27	_	_	_	_	QGIS,ArcGIS
my_physical	28	_	_	_	_	QGIS,ArcGIS
my_physical	29	_	_	_	_	_
my_physical	30	_	_	_	_	QGIS,ArcGIS
NadiiaGorash	02	_	_	_	_	_
NadiiaGorash	03	_	_	_	_	_
NadiiaGorash	04	_	_	_	_	_
NadiiaGorash	11	_	_	_	_	QGIS
NadiiaGorash	16	_	_	_	_	QGIS
negbogah	07	_	_	_	_	R
negbogah	14	_	_	_	_	R
negbogah	26	_	_	_	_	_
neilcharles_uk	11	_	_	_	_	_
niclochg	01	_	_	_	_	_
niclochg	02	_	_	_	_	_
niclochg	03	_	_	_	_	_
niclochg	04	_	_	_	_	_
niclochg	05	_	_	_	_	_
niclochg	06	_	_	_	_	_
niclochg	07	_	_	_	_	_
niclochg	08	_	_	_	_	_
niclochg	09	_	_	_	_	QGIS
niclochg	10	_	_	_	_	QGIS
niclochg	11	_	_	_	_	_
niclochg	15	_	_	_	_	QGIS
niclochg	16	_	_	_	_	QGIS
niclochg	17	_	_	_	_	_
niclochg	18	_	_	_	_	_
niclochg	19	_	_	_	_	_
niclochg	20	_	_	_	_	_
niclochg	21	_	_	_	_	_
niclochg	22	_	_	_	_	_
niclochg	23	_	_	_	_	_
niclochg	24	_	_	_	_	_
niclochg	25	_	_	_	_	_
niclochg	26	_	_	_	_	_
niclochg	27	_	_	_	_	_
niclochg	28	_	_	_	_	_
niclochg	29	_	_	_	_	_
niclochg	30	_	_	_	_	_
nikolasander	12	_	_	_	_	_
ninatsuts	02	_	_	_	_	R
ninatsuts	04	_	_	_	_	_
ninatsuts	05	_	_	_	_	R
nixzusehen	23	_	_	_	_	_
njanakiev	05	_	_	_	_	_
NkhiliA	04	_	_	_	_	_
NkhiliA	05	_	_	_	_	ArcGIS
nmnsgr	01	_	_	_	_	_
nmnsgr	02	_	_	_	_	_
odilon72	03	_	_	_	_	_
odilon72	05	_	_	_	_	_
odilon72	07	_	_	_	_	_
odilon72	23	_	_	_	_	_
odilon72	24	_	_	_	_	_
oeon	12	_	_	_	_	_
ojespejo	05	_	_	_	_	ArcGIS
ojespejo	07	_	_	_	_	_
ojespejo	08	_	_	_	_	_
ojespejo	10	_	_	_	_	_
ojespejo	11	_	_	_	_	_
ojespejo	14	_	_	_	_	_
ojespejo	15	_	_	_	_	_
OJuarezFlores	06	_	_	_	_	_
OJuarezFlores	07	_	_	_	_	_
OLjohnel	05	_	_	_	_	_
OLjohnel	06	_	_	_	_	_
OLjohnel	07	_	_	_	_	_
OLjohnel	08	_	_	_	_	_
OLjohnel	09	_	_	_	_	_
OLjohnel	10	_	_	_	_	_
OLjohnel	11	_	_	_	_	_
OLjohnel	12	_	_	_	_	QGIS
OLjohnel	13	_	_	_	_	_
onestopmap	01	_	_	_	_	_
onestopmap	02	Netherlands	_	_	_	_
onestopmap	03	_	_	_	_	_
onestopmap	05	Oceania	_	_	_	Photoshop
onestopmap	06	_	_	_	_	_
onestopmap	07	_	_	_	_	_
onestopmap	10	USA	_	_	_	_
onestopmap	11	_	_	_	_	_
onestopmap	12	_	_	_	_	_
onestopmap	13	_	_	_	_	_
onestopmap	14	Belgium,Netherlands	_	_	_	_
onestopmap	15	_	_	_	_	_
onestopmap	18	_	_	_	_	_
onestopmap	19	_	_	_	_	_
onestopmap	20	_	_	_	_	_
onestopmap	22	_	_	_	_	_
onestopmap	26	_	_	_	_	_
osornomarcela	03	_	_	_	_	_
osornomarcela	24	Mexico	_	_	_	_
ouzmetee	05	Turkey	Istanbul	_	_	QGIS
owenjpowell	04	_	_	_	_	Blender
owenjpowell	07	United Kingdom	_	_	_	Blender
owenjpowell	08	_	_	_	_	Blender
owenjpowell	12	United Kingdom	_	_	_	Blender
ozy_man	12	World,New Zealand	_	_	_	_
paavokokkonen	04	_	_	_	_	_
Paola_barbarbo	28	Germany	_	_	_	_
pascal_n	29	World	_	_	_	_
patalgura	02	_	_	_	_	_
patriloto	04	_	_	_	_	R
pedro_com_es	01	_	_	_	_	_
pedro_com_es	02	_	_	_	_	_
pedro_com_es	03	_	_	_	_	_
pedro_com_es	04	_	_	_	_	_
pedro_com_es	05	_	_	_	_	_
pedro_com_es	06	_	_	_	_	_
pedro_com_es	07	_	_	_	_	_
pedro_com_es	08	_	_	_	_	_
pedro_com_es	09	_	_	_	_	_
pedro_com_es	10	_	_	_	_	_
pedro_com_es	11	_	_	_	_	_
pedro_com_es	12	_	_	_	_	_
pedro_com_es	13	_	_	_	_	_
pedro_com_es	14	_	_	_	_	_
pedro_com_es	15	_	_	_	_	_
pedro_com_es	16	_	_	_	_	_
pedro_com_es	17	_	_	_	_	_
pedro_com_es	18	_	_	_	_	_
pedro_com_es	19	_	_	_	_	_
pedro_com_es	20	_	_	_	_	_
pedro_com_es	21	_	_	_	_	_
pedro_com_es	23	_	_	_	_	_
pedro_com_es	24	_	_	_	_	_
pedro_com_es	25	_	_	_	_	_
pedro_com_es	26	_	_	_	_	_
pedro_com_es	27	_	_	_	_	_
pedro_com_es	28	_	_	_	_	_
pedro_com_es	29	_	_	_	_	_
pedro_com_es	30	_	_	_	_	_
Peterincan	01	_	_	_	_	Blender
Peterincan	02	_	_	_	_	_
Peterincan	09	_	_	_	_	_
Peterincan	11	_	_	_	_	_
philmassicotte	01	_	_	_	_	_
philmassicotte	10	_	_	_	_	R
philmassicotte	11	_	_	_	_	R
philmassicotte	12	_	_	_	_	_
philmassicotte	13	_	_	_	_	R
philmassicotte	14	_	_	_	_	_
philmassicotte	16	_	_	_	_	_
philmassicotte	17	_	_	_	_	_
philmassicotte	19	_	_	_	_	_
philmassicotte	20	_	_	_	_	_
philmassicotte	24	_	_	_	_	_
philmassicotte	26	_	_	_	_	_
philmassicotte	27	_	_	_	_	_
philmassicotte	29	_	_	_	_	_
philmassicotte	30	_	_	_	_	_
PhilPierdo	01	_	_	_	_	QGIS
PhilPierdo	02	_	_	_	_	QGIS
PhilPierdo	03	_	_	_	_	_
PhilPierdo	04	_	_	_	_	QGIS
PhilPierdo	05	_	_	_	_	QGIS
PhilPierdo	06	_	_	_	_	QGIS
PhilPierdo	07	_	_	_	_	QGIS
PhilPierdo	08	_	_	_	_	QGIS
PhilPierdo	09	_	_	_	_	QGIS
PhilPierdo	10	_	_	_	_	QGIS
PhilPierdo	11	_	_	_	_	QGIS
PhilPierdo	12	_	_	_	_	QGIS,GIMP
PhilPierdo	13	_	_	_	_	QGIS
PhilPierdo	14	_	_	_	_	QGIS
PhilPierdo	15	_	_	_	_	QGIS
PhilPierdo	16	_	_	_	_	QGIS
PhilPierdo	17	_	_	_	_	_
PhilPierdo	18	_	_	_	_	QGIS
PhilPierdo	19	_	_	_	_	_
PhilPierdo	20	_	_	_	_	_
PhilPierdo	21	_	_	_	_	QGIS
PhilPierdo	22	_	_	_	_	QGIS
PhilPierdo	23	_	_	_	_	_
PhilPierdo	24	_	_	_	_	_
PhilPierdo	25	_	_	_	_	QGIS,GIMP
PhilPierdo	26	_	_	_	_	_
PhilPierdo	27	_	_	_	_	QGIS
PhilPierdo	28	_	_	_	_	QGIS
PhilPierdo	29	_	_	_	_	QGIS
PhilPierdo	30	_	_	_	_	_
pierrebrt	02	_	_	_	_	_
pierrebrt	03	_	_	_	_	_
pierrebrt	04	_	_	_	_	_
pierrebrt	06	_	_	_	_	_
pierrebrt	07	_	_	_	_	_
pierrebrt	08	_	_	_	_	_
pierrebrt	09	_	_	_	_	_
pierrebrt	10	_	_	_	_	_
pierrebrt	11	_	_	_	_	_
pierrebrt	14	_	_	_	_	_
pierrebrt	15	_	_	_	_	_
pierrebrt	19	_	_	_	_	_
pierrebrt	20	_	_	_	_	QGIS
pierrebrt	21	_	_	_	_	_
pierrebrt	26	_	_	_	_	_
pivanputs	24	_	_	_	_	_
pivaurelien	17	_	_	_	_	_
pivaurelien	20	_	_	_	_	_
pivaurelien	21	_	_	_	_	_
pivaurelien	23	_	_	_	_	_
pivaurelien	24	_	_	_	_	_
pj_go_2020	05	_	_	_	_	_
pj_go_2020	06	_	_	_	_	_
pj_go_2020	07	_	_	_	_	_
pj_go_2020	08	_	_	_	_	QGIS,PostGIS,Leaflet
pj_go_2020	09	_	_	_	_	QGIS,PostGIS,Leaflet
pj_go_2020	10	_	_	_	_	_
pj_go_2020	11	_	_	_	_	_
pj_go_2020	12	_	_	_	_	_
pj_go_2020	13	_	_	_	_	_
pj_go_2020	14	_	_	_	_	_
pj_go_2020	15	_	_	_	_	_
pj_go_2020	16	_	_	_	_	QGIS
pj_go_2020	17	_	_	_	_	_
pj_go_2020	18	_	_	_	_	_
pj_go_2020	21	_	_	_	_	_
pj_go_2020	22	_	_	_	_	_
pj_go_2020	23	_	_	_	_	_
pj_go_2020	24	_	_	_	_	_
pj_go_2020	26	_	_	_	_	_
pj_go_2020	27	_	_	_	_	_
pj_go_2020	28	_	_	_	_	_
pj_go_2020	29	_	_	_	_	_
pj_go_2020	30	_	_	_	_	QGIS,PostGIS,Leaflet
pnelson917	01	_	_	_	_	_
pnelson917	02	_	_	_	_	_
pnelson917	03	_	_	_	_	_
pnelson917	04	_	_	_	_	_
pnelson917	05	_	_	_	_	_
pnelson917	06	_	_	_	_	D3.js
pnelson917	07	_	_	_	_	_
pnelson917	08	_	_	_	_	_
pnelson917	09	_	_	_	_	_
pnelson917	10	_	_	_	_	_
pnelson917	11	_	_	_	_	_
pnelson917	12	_	_	_	_	_
pnelson917	13	_	_	_	_	_
pnelson917	14	_	_	_	_	_
pnelson917	15	_	_	_	_	_
pnelson917	16	_	_	_	_	_
pnelson917	17	_	_	_	_	_
pnelson917	18	_	_	_	_	_
pnelson917	19	_	_	_	_	_
pnelson917	20	_	_	_	_	_
pnelson917	21	_	_	_	_	_
pnelson917	22	_	_	_	_	_
pnelson917	23	_	_	_	_	_
pnelson917	24	_	_	_	_	_
pnelson917	25	_	_	_	_	_
pnelson917	26	_	_	_	_	_
pnelson917	27	_	_	_	_	_
pnelson917	28	_	_	_	_	_
pnelson917	29	_	_	_	_	_
pnelson917	30	_	_	_	_	_
polemic	01	_	_	_	_	QGIS
polemic	02	_	_	_	_	QGIS
polemic	03	_	_	_	_	QGIS
polemic	04	_	_	_	_	QGIS
polemic	05	_	_	_	_	_
polemic	06	_	_	_	_	_
polemic	07	_	_	_	_	_
polemic	08	_	_	_	_	_
polemic	09	_	_	_	_	_
polemic	10	_	_	_	_	_
polemic	11	_	_	_	_	QGIS
polemic	12	_	_	_	_	_
pony_mapper	01	_	_	_	_	_
pony_mapper	02	_	_	_	_	_
pony_mapper	04	_	_	_	_	_
popelnuhh	01	_	_	_	_	_
popelnuhh	02	_	_	_	_	_
popelnuhh	03	_	_	_	_	_
popelnuhh	04	_	_	_	_	_
popelnuhh	05	_	_	_	_	_
popelnuhh	06	_	_	_	_	_
popelnuhh	07	_	_	_	_	_
popelnuhh	08	_	_	_	_	_
popelnuhh	11	_	_	_	_	_
popelnuhh	23	_	_	_	_	_
popelnuhh	24	_	_	_	_	_
popelnuhh	29	_	_	_	_	_
positium	01	_	_	_	_	_
positium	02	_	_	_	_	_
positium	03	_	_	_	_	_
positium	04	_	_	_	_	_
positium	05	_	_	_	_	_
positium	06	_	_	_	_	_
positium	07	_	_	_	_	_
positium	08	_	_	_	_	_
positium	09	_	_	_	_	_
positium	10	_	_	_	_	_
positium	11	_	_	_	_	_
positium	12	_	_	_	_	_
positium	13	_	_	_	_	QGIS
positium	14	_	_	_	_	_
positium	15	_	_	_	_	D3.js
positium	16	_	_	_	_	_
positium	17	_	_	_	_	_
positium	18	_	_	_	_	_
positium	19	_	_	_	_	_
positium	20	_	_	_	_	_
positium	21	_	_	_	_	_
positium	22	_	_	_	_	_
positium	23	_	_	_	_	_
positium	24	_	_	_	_	_
positium	25	_	_	_	_	_
positium	26	_	_	_	_	_
positium	27	_	_	_	_	_
positium	28	_	_	_	_	_
positium	29	_	_	_	_	_
positium	30	_	_	_	_	_
posorioc	02	_	_	_	_	_
posorioc	03	_	_	_	_	_
prospero021	01	_	_	_	_	QGIS
prospero021	02	_	_	_	_	QGIS
prospero021	03	_	_	_	_	QGIS
prospero021	04	_	_	_	_	QGIS
prospero021	05	_	_	_	_	QGIS
prospero021	06	_	_	_	_	_
prospero021	07	_	_	_	_	QGIS
prospero021	08	_	_	_	_	QGIS
prospero021	09	_	_	_	_	QGIS
prospero021	10	_	_	_	_	QGIS
prospero021	11	_	_	_	_	QGIS
rajbhagatt	02	_	_	_	_	_
rajbhagatt	04	_	_	_	_	_
ramya_ragupathy	02	India	_	_	_	_
ramya_ragupathy	04	India	_	_	_	_
ramya_ragupathy	05	Asia	_	_	_	_
ramya_ragupathy	06	India	Bengaluru	_	_	_
ramya_ragupathy	07	India	Bengaluru	_	_	_
ramya_ragupathy	08	India	Bengaluru	_	_	_
ramya_ragupathy	09	World	_	_	_	_
ramya_ragupathy	10	India	Bengaluru	_	_	_
ramya_ragupathy	11	India	_	_	_	_
ramya_ragupathy	12	India	_	_	_	_
ramya_ragupathy	13	India	_	_	_	_
ramya_ragupathy	14	World	_	_	_	_
ramya_ragupathy	15	World	_	_	_	_
ramya_ragupathy	16	India	_	_	_	_
ramya_ragupathy	17	India	Bengaluru	_	_	_
ramya_ragupathy	18	World	_	_	_	D3.js
ramya_ragupathy	19	USA	New York	_	_	_
ramya_ragupathy	20	India	_	_	_	_
ramya_ragupathy	21	India	_	_	_	_
ramya_ragupathy	22	USA	Newark	_	_	_
ramya_ragupathy	23	India	Bengaluru	_	_	_
ramya_ragupathy	24	World	_	_	_	_
ramya_ragupathy	25	World	_	_	_	_
ramya_ragupathy	26	World	_	_	_	_
ramya_ragupathy	27	World	_	_	_	_
ramya_ragupathy	28	World,United Arab Emirates	_	_	_	_
ramya_ragupathy	29	World	_	_	_	_
ramya_ragupathy	30	India	_	_	_	_
RandbeeCo	07	_	_	_	_	_
RandbeeCo	08	_	_	_	_	_
rastrau	25	_	_	_	_	_
rastrau	29	World	_	_	uncommon projections	_
raveydave76	04	_	_	_	_	_
raveydave76	06	_	_	_	_	_
raynald_garnier	04	_	_	_	_	ArcGIS
raynald_garnier	06	_	_	_	_	_
reconociendoMX	05	Mexico	Valladolid	population	_	_
RegxaArdeo	16	_	_	_	_	_
RegxaArdeo	19	_	_	_	_	_
RegxaArdeo	21	_	_	_	_	_
RegxaArdeo	22	_	_	_	_	_
RegxaArdeo	23	_	_	_	_	_
RegxaArdeo	24	_	_	_	_	_
RichardZimerman	01	Antarctica	_	_	_	_
RichardZimerman	02	World	_	_	_	_
RichardZimerman	03	North America,Central America,South America	_	_	_	_
RichardZimerman	06	Asia,Oceania	_	_	_	_
RichardZimerman	08	North America	_	_	_	_
RichardZimerman	10	USA	_	_	_	_
RichardZimerman	13	Switzerland	_	_	_	_
RichardZimerman	19	World	_	_	_	_
rifqi_oktav	06	_	_	_	_	ArcGIS
rifqi_oktav	07	_	_	_	_	ArcGIS
rifqi_oktav	09	_	_	_	_	ArcGIS
rifqi_oktav	10	_	_	_	_	ArcGIS
RihardsOlups	13	_	_	_	_	_
rileydchampine	01	_	_	_	_	_
rileydchampine	02	_	_	_	_	_
rileydchampine	03	_	_	_	_	_
rileydchampine	04	_	_	_	_	_
rileydchampine	05	_	_	_	_	_
rileydchampine	06	_	_	_	_	_
rileydchampine	07	_	_	_	_	_
rileydchampine	08	_	_	_	_	_
rileydchampine	09	_	_	_	_	_
rileydchampine	10	_	_	_	_	_
rileydchampine	11	_	_	_	_	_
rileydchampine	12	_	_	_	_	_
rileydchampine	13	_	_	_	_	_
rileydchampine	14	_	_	_	_	_
rileydchampine	15	_	_	_	_	_
rileydchampine	16	_	_	_	_	_
rileydchampine	17	_	_	_	_	_
rileydchampine	18	_	_	_	_	_
rileydchampine	19	_	_	_	_	_
rileydchampine	20	_	_	_	_	_
rileydchampine	22	_	_	_	_	_
riverpeek	03	_	_	_	_	R
riverpeek	25	_	_	_	_	R
rizwan236	11	_	_	_	_	_
rizwan236	23	_	_	_	_	_
robert_squared	04	_	_	_	_	_
robert_squared	05	_	_	_	_	_
robert_squared	10	_	_	_	_	_
robert_squared	11	_	_	_	_	_
robhawkes	02	United Kingdom	London	_	_	three.js,Inkscape
robhawkes	03	USA	New York	_	_	QGIS
robhawkes	04	United Kingdom	London	_	_	QGIS
robhawkes	07	United Kingdom	London	_	_	QGIS
rojo_neon	07	_	_	_	_	R
rojo_neon	08	_	_	_	_	R
rojo_neon	09	_	_	_	_	R
rojo_neon	10	_	_	_	_	R
rojo_neon	14	_	_	_	_	_
rojo_neon	15	_	_	_	_	_
rojo_neon	21	_	_	_	_	_
RomMoyon	04	_	_	_	_	_
rorich	02	_	_	_	_	_
rorich	03	_	_	_	_	R
rorich	04	_	_	_	_	R
rorich	06	_	_	_	_	R
rorich	07	_	_	_	_	R
Rrenzokutai	09	_	_	_	_	_
rustie5555	01	_	_	_	_	_
rustie5555	04	_	_	_	_	_
rustie5555	14	_	_	_	_	_
ruth_mottram	01	_	_	_	_	_
ruth_mottram	26	_	_	_	_	_
ruydg	19	_	_	_	_	_
ryanpkyle	05	_	_	_	_	R
rynbtmn	01	_	_	_	_	_
Saint_GIS	12	_	_	_	_	_
Saint_GIS	20	_	_	_	_	_
Saint_GIS	21	_	_	_	_	_
Saint_GIS	22	_	_	_	_	QGIS
Saint_GIS	23	_	_	_	_	_
Saint_GIS	24	_	_	_	_	_
Saint_GIS	25	_	_	_	_	QGIS
Saint_GIS	29	_	_	_	_	_
Saint_GIS	30	_	_	_	_	QGIS
SalvatiRehbein	01	_	_	_	_	_
SalvatiRehbein	02	_	_	_	_	_
SalvatiRehbein	05	Brazil	_	climate	_	_
samedelstein	01	_	_	_	_	_
samedelstein	02	_	_	_	_	R
samedelstein	03	_	_	_	_	R
samedelstein	04	_	_	_	_	R
samedelstein	05	_	_	_	_	R
samedelstein	07	_	_	_	_	R
samedelstein	08	_	_	_	_	R
samedelstein	09	_	_	_	_	R
samedelstein	10	_	_	_	_	R
samedelstein	11	_	_	_	_	R
samedelstein	12	_	_	_	_	R
samedelstein	13	_	_	_	_	_
samedelstein	14	_	_	_	_	_
samedelstein	15	_	_	_	_	R
samedelstein	16	_	_	_	_	R
samedelstein	17	_	_	_	_	ArcGIS
SamIAmFargo	11	_	_	_	_	_
SamiKurani	27	_	_	_	_	QGIS
SamiKurani	28	_	_	_	_	QGIS
sammyhawkrad	03	_	_	_	_	_
sammyhawkrad	22	_	_	_	_	_
samwise_v	01	_	_	_	_	QGIS
samwise_v	02	_	_	_	_	_
samwise_v	03	_	_	_	_	_
samwise_v	04	_	_	_	_	QGIS
samwise_v	05	_	_	_	_	_
samwise_v	06	_	_	_	_	_
samwise_v	07	_	_	_	_	_
samwise_v	08	_	_	_	_	_
samwise_v	09	_	_	_	_	_
samwise_v	10	_	_	_	_	QGIS,Blender
samwise_v	11	_	_	_	_	_
samwise_v	12	_	_	_	_	_
samwise_v	13	_	_	_	_	_
samwise_v	14	_	_	_	_	_
samwise_v	15	_	_	_	_	_
samwise_v	16	_	_	_	_	_
samwise_v	17	_	_	_	_	_
samwise_v	18	_	_	_	_	_
samwise_v	19	_	_	_	_	QGIS,Blender
samwise_v	20	_	_	_	_	_
samwise_v	21	_	_	_	_	_
samwise_v	22	_	_	_	_	_
samwise_v	23	_	_	_	_	QGIS
samwise_v	24	_	_	_	_	_
samwise_v	25	_	_	_	_	_
samwise_v	26	_	_	_	_	QGIS
samwise_v	27	_	_	_	_	_
samwise_v	28	_	_	_	_	_
samwise_v	29	_	_	_	_	_
samwise_v	30	_	_	_	_	_
SannaJokela1	01	_	_	_	_	QGIS
SannaJokela1	02	_	_	_	_	QGIS
SannaJokela1	03	_	_	_	_	_
SannaJokela1	04	_	_	_	_	QGIS
SannaJokela1	05	_	_	_	_	_
SannaJokela1	06	_	_	_	_	QGIS
SannaJokela1	07	_	_	_	_	QGIS
SannaJokela1	08	_	_	_	_	QGIS
SannaJokela1	09	_	_	_	_	QGIS
SannaJokela1	10	_	_	_	_	_
SannaJokela1	11	_	_	_	_	_
SannaJokela1	12	_	_	_	_	GIMP
SannaJokela1	13	_	_	_	_	_
SannaJokela1	14	_	_	_	_	QGIS
SannaJokela1	15	_	_	_	_	_
SannaJokela1	16	_	_	_	_	_
SannaJokela1	17	_	_	_	_	QGIS
SannaJokela1	18	_	_	_	_	QGIS
SannaJokela1	21	_	_	_	_	QGIS
SannaJokela1	22	_	_	_	_	_
SannaJokela1	23	_	_	_	_	_
SannaJokela1	24	_	_	_	_	QGIS
SannaJokela1	25	_	_	_	_	QGIS
SannaJokela1	26	_	_	_	_	QGIS
SannaJokela1	27	_	_	_	_	_
SannaJokela1	28	_	_	_	_	_
SannaJokela1	29	_	_	_	_	_
SannaJokela1	30	_	_	_	_	_
sasha_trub	02	_	_	_	_	_
sasha_trub	03	_	_	_	_	_
SchalkValentin	07	_	_	_	_	_
SchalkValentin	08	_	_	_	_	QGIS
SchalkValentin	11	_	_	_	_	QGIS,Blender
SDGeoGirl	01	_	_	_	_	_
SDGeoGirl	03	_	_	_	_	_
SDGeoGirl	04	_	_	_	_	_
SDGeoGirl	06	_	_	_	_	_
SDGeoGirl	08	_	_	_	_	_
SDGeoGirl	11	_	_	_	_	hand drawn
SDGeoGirl	13	_	_	_	_	_
SDGeoGirl	16	_	_	_	_	_
SDGeoGirl	17	_	_	_	_	_
SDGeoGirl	30	_	_	_	_	_
seba_jh	01	_	_	_	_	_
seba_jh	11	_	_	_	_	_
sergioajv1	02	_	_	_	_	QGIS
SergioIbarraEs1	02	_	_	_	_	R
SergioIbarraEs1	03	Brazil	So Paulo	_	heatmap	R
SergioIbarraEs1	05	_	_	_	_	R
SergioIbarraEs1	06	_	_	_	_	R
SergioIbarraEs1	07	_	_	_	_	R
SergioIbarraEs1	08	_	_	_	_	R
SergioIbarraEs1	09	_	_	_	_	R
SergioIbarraEs1	10	_	_	_	_	_
SergioIbarraEs1	11	_	_	_	_	_
SergioIbarraEs1	12	_	_	_	_	_
SergioIbarraEs1	13	_	_	_	_	R
SergioIbarraEs1	14	_	_	_	_	R
SergioIbarraEs1	15	_	_	_	_	R
SergioIbarraEs1	16	_	_	_	_	_
SergioIbarraEs1	18	_	_	_	_	_
SergioIbarraEs1	19	_	_	_	_	_
SergioIbarraEs1	20	_	_	_	_	_
SergioIbarraEs1	21	_	_	_	_	_
SergioIbarraEs1	22	_	_	_	_	_
SergioIbarraEs1	23	_	_	_	_	_
SergioIbarraEs1	24	_	_	_	_	R
SergioIbarraEs1	25	_	_	_	_	R
SergioIbarraEs1	28	_	_	_	_	R
SergioIbarraEs1	30	_	_	_	_	_
shakasom	03	_	_	_	_	_
shakasom	04	_	_	_	_	QGIS
shakasom	05	_	_	_	_	_
shakasom	06	_	_	_	_	_
shakasom	07	_	_	_	_	_
shakasom	08	_	_	_	_	_
shakasom	11	_	_	_	_	_
shakasom	12	_	_	_	_	_
shakasom	13	_	_	_	_	_
ShinagawaJP	02	_	_	_	_	_
SimonGIS	01	_	_	_	_	_
SimonGIS	02	_	_	_	_	_
SimonGIS	03	_	_	_	_	_
SimonGIS	05	_	_	_	_	_
SimonGIS	06	_	_	_	_	_
SimonGIS	07	_	_	_	_	_
SimonGIS	11	_	_	_	_	_
SimonGIS	13	_	_	_	_	_
SimonGIS	30	_	_	_	_	_
SouthArrowMaps	01	New Zealand	_	_	_	_
SouthArrowMaps	02	New Zealand	_	_	_	_
SouthArrowMaps	03	New Zealand	_	_	lego	_
SouthArrowMaps	04	New Zealand	_	_	_	_
SouthArrowMaps	05	_	_	_	_	_
SouthArrowMaps	06	New Zealand	_	_	_	_
SouthArrowMaps	07	New Zealand	Auckland	_	_	_
SouthArrowMaps	08	New Zealand	Auckland	_	_	_
SouthArrowMaps	09	New Zealand	_	_	_	_
SouthArrowMaps	10	New Zealand	_	_	_	_
SouthArrowMaps	11	Antarctica	_	_	_	_
SouthArrowMaps	12	New Zealand	Auckland	_	_	_
SouthArrowMaps	13	New Zealand	_	_	_	_
SouthArrowMaps	14	Other	_	sport	_	_
SouthArrowMaps	15	New Zealand	_	_	_	_
SouthArrowMaps	16	New Zealand	_	_	_	_
SouthArrowMaps	17	New Zealand	_	_	_	_
SouthArrowMaps	18	World	_	_	_	_
SouthArrowMaps	19	New Zealand	Auckland	_	_	_
SouthArrowMaps	20	New Zealand	_	_	_	_
SouthArrowMaps	21	New Zealand	Auckland	_	_	_
SouthArrowMaps	22	New Zealand	Auckland	_	_	_
SouthArrowMaps	23	Other	_	_	_	hand drawn
SouthArrowMaps	25	New Zealand	_	_	_	_
SouthArrowMaps	26	New Zealand	_	_	_	_
SouthArrowMaps	28	New Zealand	Auckland	_	_	_
SouthArrowMaps	29	United Kingdom	_	_	interactive	_
SouthArrowMaps	30	New Zealand	Auckland	_	_	_
Spriteware	03	_	_	_	_	_
ssp_guadalupe	27	_	_	_	_	_
StatnMap	01	_	_	_	_	R
StatnMap	02	_	_	_	_	R
StatnMap	03	_	_	_	_	R,Leaflet
StatnMap	04	_	_	_	_	R
StatnMap	05	_	_	_	_	R
StatnMap	06	_	_	_	_	R
StatnMap	07	_	_	_	_	R
StatnMap	10	_	_	_	_	R
StatnMap	11	_	_	_	_	R
StatnMap	12	_	_	_	_	R
StatnMap	13	_	_	_	_	R
StatnMap	14	_	_	_	_	R
StatnMap	15	_	_	_	_	R
StatnMap	16	_	_	_	_	R
StatnMap	17	_	_	_	_	R
StatnMap	18	_	_	_	_	R
StatnMap	19	_	_	_	_	R
StatnMap	20	_	_	_	_	R
StatnMap	21	_	_	_	_	R
stevefaeembra	02	_	_	_	_	QGIS
stevefaeembra	03	_	_	_	_	QGIS,PostGIS
stevefaeembra	06	_	_	_	_	QGIS,Blender
stevefaeembra	15	_	_	_	_	QGIS
stevefaeembra	18	_	_	_	_	QGIS,Blender
stevefaeembra	26	_	_	_	_	QGIS
stevefaeembra	29	Oceania,Europe	_	_	_	QGIS,Blender
surfacelibre	04	_	_	_	_	_
surfacelibre	06	_	_	_	_	_
surfacelibre	08	_	_	_	_	_
surfacelibre	11	_	_	_	_	QGIS
SWAC_OECD	19	_	_	_	_	_
SWAC_OECD	20	_	_	_	_	_
SWAC_OECD	22	_	_	_	_	_
SWAC_OECD	29	_	_	_	_	_
swiss_geoportal	19	_	_	_	_	_
swiss_geoportal	20	_	_	_	_	_
swiss_geoportal	21	_	_	_	_	_
swiss_geoportal	22	_	_	_	_	_
swiss_geoportal	23	_	_	_	_	_
swiss_geoportal	24	_	_	_	_	_
swiss_geoportal	25	_	_	_	_	_
swiss_geoportal	26	_	_	_	_	_
swiss_geoportal	27	_	_	_	_	_
swiss_geoportal	28	_	_	_	_	_
swiss_geoportal	29	_	_	_	_	_
swiss_geoportal	30	_	_	_	_	_
SzwagrzykMarcin	11	_	_	_	_	_
Tadusk0	12	_	_	_	_	QGIS
TastesLike_	28	_	_	_	_	_
TeamInteractCA	14	_	_	_	_	_
TeamInteractCA	19	_	_	_	_	_
TeamInteractCA	22	_	_	_	_	_
TeamInteractCA	24	_	_	_	_	_
TeamInteractCA	25	_	_	_	_	_
TeemuSaloriutta	01	_	_	_	_	_
TeemuSaloriutta	02	_	_	_	_	_
TeemuSaloriutta	03	_	_	_	_	_
TeemuSaloriutta	05	_	_	_	_	QGIS
TeemuSaloriutta	06	_	_	_	_	_
TeemuSaloriutta	08	_	_	_	_	_
TeemuSaloriutta	09	_	_	_	_	_
TeemuSaloriutta	10	_	_	_	_	QGIS
TeemuSaloriutta	11	_	_	_	_	QGIS
TeemuSaloriutta	15	_	_	_	_	_
TeemuSaloriutta	16	_	_	_	_	_
TeemuSaloriutta	17	_	_	_	_	_
TeemuSaloriutta	20	_	_	_	_	_
TeemuSaloriutta	23	_	_	_	_	_
TeemuSaloriutta	24	_	_	_	_	_
TeemuSaloriutta	26	_	_	_	_	_
The_Martini_Cat	01	_	_	_	_	_
TheAgermeister	01	_	_	_	_	_
TheAgermeister	02	_	_	_	_	_
thecristen	01	_	_	_	_	_
theworksla	01	_	_	_	_	_
theworksla	02	_	_	_	_	_
ThomasBanafa	01	_	_	_	_	_
ThomasBanafa	02	_	_	_	_	_
ThomasBanafa	04	_	_	_	_	_
ThomasBanafa	12	_	_	_	_	QGIS,GIMP,PostGIS
ThomasBanafa	15	_	_	_	_	QGIS
ThomasBanafa	26	_	_	_	_	QGIS
ThomasG77	02	_	_	_	_	QGIS
ThomasG77	03	_	_	_	_	QGIS
ThomasG77	04	_	_	_	_	QGIS
ThomasG77	05	_	_	_	_	QGIS,GIMP,PostGIS
ThomasG77	07	_	_	_	_	_
ThomasG77	08	_	_	_	_	QGIS,PostGIS
ThomasG77	09	_	_	_	_	QGIS
ThomasG77	10	_	_	_	_	QGIS
ThomasG77	11	_	_	_	_	QGIS
ThomasG77	12	_	_	_	_	QGIS
ThomasG77	13	_	_	_	_	_
ThomasG77	14	_	_	_	_	_
ThomasG77	15	_	_	_	_	_
ThomasG77	16	_	_	_	_	_
ThomasG77	17	_	_	_	_	_
ThomasG77	19	_	_	_	_	_
ThomasG77	20	_	_	_	_	_
Thoughtfulnz	03	_	_	_	_	_
Thoughtfulnz	04	_	_	_	_	_
Thoughtfulnz	09	_	_	_	_	_
Thoughtfulnz	10	_	_	_	_	_
Thoughtfulnz	11	_	_	_	_	_
Thoughtfulnz	16	_	_	_	_	R
Thoughtfulnz	17	_	_	_	_	_
Thoughtfulnz	18	_	_	_	_	_
Thoughtfulnz	23	_	_	_	_	_
Thoughtfulnz	24	_	_	_	_	_
Thoughtfulnz	25	_	_	_	_	_
Thoughtfulnz	28	_	_	_	_	_
Thoughtfulnz	29	_	_	_	_	R
thoughtisdead	01	_	_	_	_	_
thoughtisdead	02	_	_	_	_	_
thoughtisdead	03	_	_	_	_	_
TimStOnge	01	_	_	_	_	D3.js
TimStOnge	02	_	_	_	_	_
TimStOnge	03	_	_	_	_	_
TimStOnge	04	_	_	_	_	_
TimStOnge	05	_	_	_	_	_
TimStOnge	06	_	_	_	_	_
TimStOnge	07	_	_	_	_	_
TimStOnge	08	_	_	_	_	_
TimStOnge	10	_	_	_	_	_
TimStOnge	11	_	_	_	_	_
TimStOnge	12	_	_	_	_	_
TimStOnge	13	_	_	_	_	_
TimStOnge	15	_	_	_	_	_
TimStOnge	16	_	_	_	_	_
TimStOnge	17	_	_	_	_	_
TimStOnge	18	_	_	_	_	_
TimStOnge	19	_	_	_	_	QGIS,three.js,Inkscape
TimStOnge	20	_	_	_	_	_
TimStOnge	21	_	_	_	_	QGIS,Mapbox
TimStOnge	22	_	_	_	_	_
TimStOnge	23	_	_	_	_	_
TimStOnge	24	_	_	_	_	_
TimStOnge	25	_	_	_	_	_
TimStOnge	26	_	_	_	_	_
TimStOnge	27	_	_	_	_	_
TimStOnge	28	_	_	_	_	_
TimStOnge	29	_	_	_	_	_
TimStOnge	30	_	_	_	_	_
tjukanov	01	Europe	_	population	points	_
tjukanov	02	Finland	Helsinki	transport	lines,gps	QGIS,PostGIS
tjukanov	03	Finland	_	_	lego	_
tjukanov	04	Germany	Berlin	_	hexagons	_
tjukanov	05	Africa	_	_	_	_
tjukanov	06	North America	_	_	_	_
tjukanov	07	Spain	Madrid	_	_	_
tjukanov	09	Europe	_	transport	_	_
tjukanov	10	Finland	_	transport	animation	_
tjukanov	11	Europe	_	_	lines	QGIS
tjukanov	12	Finland	_	transport	lines	QGIS,GraphHopper
tjukanov	13	Asia	_	climate	lines	QGIS
tjukanov	15	USA	_	names	_	_
tjukanov	16	North America	_	_	points	_
tjukanov	17	Central America	_	administrative boundaries	_	_
tjukanov	18	World	_	_	_	_
tjukanov	19	Africa	_	population	points	_
tjukanov	20	Finland	_	animals	choropleth	_
tjukanov	21	World	_	_	_	QGIS
tjukanov	22	United Kingdom	London	_	_	Blender
tjukanov	23	Finland	_	population	_	_
tjukanov	24	Finland	Helsinki	transport	lines	_
tjukanov	25	Arctic	_	climate	_	QGIS
tjukanov	26	Finland	_	_	_	QGIS
tjukanov	27	USA	_	_	points	_
tjukanov	28	World	_	_	_	_
tjukanov	29	World	_	_	_	_
tjukanov	30	Finland	Helsinki	_	_	_
toddrednz	02	_	_	_	_	_
toddrednz	05	New Zealand	_	_	_	_
toddrednz	11	New Zealand	_	_	_	_
toddrednz	12	New Zealand	_	_	_	_
toddrednz	14	New Zealand	_	_	_	_
toddrednz	18	New Zealand	_	_	_	_
topografen	10	Sweden	_	_	_	Photoshop
topografen	11	Sweden	_	_	_	_
topografen	14	Finland,Sweden	_	_	_	_
torehalset	01	Norway	_	_	_	_
torehalset	02	Norway	_	_	_	_
torehalset	04	Norway	_	_	_	_
torehalset	05	_	_	_	_	_
torehalset	06	Norway	_	_	_	Mapbox
torehalset	07	Norway	_	_	_	Mapbox,PostGIS
torehalset	08	Norway	_	_	_	_
torehalset	09	Norway	_	_	_	Mapbox,PostGIS
torehalset	10	Norway	_	_	_	Mapbox
torehalset	11	Norway	_	_	_	_
torehalset	12	Norway	_	_	_	Leaflet
torehalset	13	Norway	_	_	_	Mapbox,PostGIS
torehalset	14	Norway	Oslo	_	_	_
torehalset	15	Norway	Kristiansand	_	_	_
torehalset	16	Norway	_	_	_	_
TSThrondsen	05	Norway	Oslo	_	_	_
ttso	01	_	_	_	_	_
ttso	02	_	_	_	_	_
ttso	03	_	_	_	_	R
ttso	05	_	_	_	_	QGIS,R,Leaflet
ttso	06	_	_	_	_	R,Leaflet
ttso	07	_	_	_	_	R
ttso	08	_	_	_	_	R,Leaflet
ttso	09	_	_	_	_	R
ttso	10	_	_	_	_	R
ttso	11	_	_	_	_	R
ttso	12	_	_	_	_	R
ttso	13	_	_	_	_	R
ttso	14	_	_	_	_	_
ttso	15	_	_	_	_	_
ttso	16	_	_	_	_	R
ttso	17	_	_	_	_	D3.js
ttso	18	_	_	_	_	D3.js
ttso	19	_	_	_	_	R
ttso	20	_	_	_	_	R
ttso	21	_	_	_	_	_
ttso	22	_	_	_	_	R
ttso	23	_	_	_	_	R
ttso	24	_	_	_	_	R
ttso	25	_	_	_	_	R,Leaflet
ttso	26	_	_	_	_	R
ttso	27	_	_	_	_	R
ttso	28	_	_	_	_	R
ttso	29	_	_	_	_	R
ttso	30	_	_	_	_	R
tweepsmap	01	_	_	_	_	_
tweepsmap	03	_	_	_	_	_
tweepsmap	05	_	_	_	_	_
tweepsmap	06	_	_	_	_	_
tweepsmap	07	_	_	_	_	_
tweepsmap	08	_	_	_	_	_
tweepsmap	09	_	_	_	_	_
tweepsmap	10	_	_	_	_	_
tweepsmap	12	_	_	_	_	_
tweepsmap	14	_	_	_	_	_
tweepsmap	15	_	_	_	_	_
tweepsmap	16	_	_	_	_	_
tweepsmap	19	_	_	_	_	_
tweepsmap	21	_	_	_	_	_
tylermorganwall	06	_	_	_	_	R
tylermorganwall	11	_	_	_	_	R
tylermorganwall	30	_	_	_	_	R
u_ribo	01	_	_	_	_	R
u_ribo	02	_	_	_	_	_
u_ribo	03	_	_	_	_	_
u_ribo	04	_	_	_	_	_
u_ribo	05	_	_	_	_	_
u_ribo	06	_	_	_	_	_
u_ribo	07	_	_	_	_	R
u_ribo	08	_	_	_	_	_
u_ribo	09	_	_	_	_	_
u_ribo	10	_	_	_	_	_
u_ribo	11	_	_	_	_	_
u_ribo	12	_	_	_	_	_
umdfire	21	_	_	_	_	_
underdarkGIS	13	_	_	_	_	_
VetleHallas	01	_	_	_	_	_
VetleHallas	02	_	_	_	_	_
VetleHallas	03	_	_	_	_	_
VetleHallas	04	_	_	_	_	_
VetleHallas	06	_	_	_	_	_
VetleHallas	07	_	_	_	_	_
VetleHallas	08	_	_	_	_	_
VetleHallas	09	_	_	_	_	_
VetleHallas	11	_	_	_	_	_
VetleHallas	12	_	_	_	_	_
VetleHallas	13	_	_	_	_	_
VetleHallas	14	_	_	_	_	_
VetleHallas	15	_	_	_	_	_
VetleHallas	16	_	_	_	_	_
VinodhDataArt	01	_	_	_	_	Mapbox
VinodhDataArt	02	_	_	_	_	Mapbox
VinodhDataArt	03	_	_	_	_	Mapbox
VinodhDataArt	06	_	_	_	_	Mapbox
VinodhDataArt	07	_	_	_	_	Mapbox
VinodhDataArt	08	_	_	_	_	Mapbox
VinodhDataArt	09	_	_	_	_	Mapbox
VinodhDataArt	12	_	_	_	_	Mapbox
VinodhDataArt	13	_	_	_	_	Mapbox
VinodhDataArt	14	_	_	_	_	Mapbox
VinodhDataArt	17	_	_	_	_	Mapbox
VinodhDataArt	22	_	_	_	_	Mapbox
VinodhDataArt	26	_	_	_	_	Mapbox
visualizemap	01	_	_	_	_	Mapbox
visualizemap	02	_	_	_	_	_
visualizemap	03	_	_	_	_	_
visualizemap	19	_	_	_	_	Mapbox
visualizemap	22	_	_	_	_	_
visualizemap	23	_	_	_	_	_
visualvariable	01	_	_	_	_	_
visualvariable	02	_	_	_	_	_
visualvariable	03	_	_	_	_	_
visualvariable	04	_	_	_	_	_
visualvariable	05	_	_	_	_	D3.js
visualvariable	06	_	_	_	_	_
visualvariable	07	_	_	_	_	_
visualvariable	08	_	_	_	_	_
visualvariable	09	_	_	_	_	_
visualvariable	11	_	_	_	_	_
visualvariable	12	_	_	_	_	_
visualvariable	13	_	_	_	_	_
visualvariable	14	_	_	_	_	_
visualvariable	16	_	_	_	_	_
visualvariable	18	_	_	_	_	_
visualvariable	19	_	_	_	_	_
visualvariable	20	_	_	_	_	_
visualvariable	21	_	_	_	_	_
visualvariable	23	_	_	_	_	_
visualvariable	28	_	_	_	_	_
Vitali_DiMe	02	_	_	_	_	_
Vitali_DiMe	03	_	_	_	_	_
Vitali_DiMe	05	_	_	_	_	_
Vitali_DiMe	11	_	_	_	_	_
vivbynyc	01	_	_	_	_	_
vivbynyc	02	_	_	_	_	_
vivbynyc	03	_	_	_	_	_
vizualdatos	01	_	_	_	_	R
vizualdatos	02	_	_	_	_	R
vizualdatos	03	_	_	_	_	R
vizualdatos	04	_	_	_	_	R
vizualdatos	05	_	_	_	_	R
vizualdatos	06	_	_	_	_	R
vlckel	10	_	_	_	_	_
vlckel	11	_	_	_	_	_
vlckel	14	_	_	_	_	_
vlckel	16	_	_	_	_	_
volayaf	05	_	_	_	_	_
volayaf	06	_	_	_	_	_
volayaf	07	_	_	_	_	_
volayaf	10	_	_	_	_	_
volayaf	11	_	_	_	_	_
volayaf	20	_	_	_	_	_
voybhav	01	_	_	_	_	_
voybhav	02	_	_	_	_	_
voybhav	05	_	_	_	_	_
wahlatlas	17	_	_	_	_	QGIS
williamscraigm	01	_	_	_	_	_
williamscraigm	02	_	_	_	_	_
williamscraigm	04	_	_	_	_	_
williamscraigm	05	_	_	_	_	_
williamscraigm	06	_	_	_	_	_
williamscraigm	07	_	_	_	_	_
williamscraigm	09	_	_	_	_	_
williamscraigm	10	_	_	_	_	_
williamscraigm	11	_	_	_	_	_
williamscraigm	12	_	_	_	_	_
williamscraigm	13	_	_	_	_	_
williamscraigm	14	_	_	_	_	_
williamscraigm	15	_	_	_	_	_
williamscraigm	16	_	_	_	_	_
williamscraigm	17	_	_	_	_	_
williamscraigm	18	_	_	_	_	_
williamscraigm	19	_	_	_	_	_
williamscraigm	20	_	_	_	_	_
williamscraigm	21	_	_	_	_	ArcGIS
williamscraigm	22	_	_	_	_	_
williamscraigm	23	_	_	_	_	_
williamscraigm	24	_	_	_	_	_
williamscraigm	25	_	_	_	_	_
williamscraigm	26	_	_	_	_	_
williamscraigm	27	_	_	_	_	_
williamscraigm	28	_	_	_	_	_
williamscraigm	29	_	_	_	_	_
williamscraigm	30	_	_	_	_	_
XyCarto	05	_	_	_	_	_
XyCarto	07	_	_	_	_	QGIS
XyCarto	11	_	_	_	_	QGIS
XyCarto	17	_	_	_	_	QGIS
XyCarto	19	_	_	_	_	_
XyCarto	20	_	_	_	_	QGIS
XyCarto	22	_	_	_	_	QGIS
yanncabon	23	_	_	_	_	ArcGIS
yavannie24	02	_	_	_	_	_
yavannie24	03	_	_	_	_	_
yavannie24	04	_	_	_	_	_
yavannie24	06	_	_	_	_	_
yavannie24	07	_	_	_	_	_
yavannie24	08	_	_	_	_	_
yavannie24	09	_	_	_	_	_
yavannie24	10	_	_	_	_	_
yavannie24	11	_	_	_	_	_
yavannie24	13	_	_	_	_	_
yavannie24	14	_	_	_	_	_
yavannie24	15	_	_	_	_	_
yavannie24	16	_	_	_	_	_
yavannie24	17	_	_	_	_	_
yavannie24	18	_	_	_	_	_
yavannie24	19	_	_	_	_	_
yavannie24	20	_	_	_	_	_
yuxtap	16	_	_	_	_	_
zentree	01	New Zealand	_	_	points	R
zentree	02	Chile	Valparaso	_	lines	R
zentree	03	Chile	_	_	choropleth	R
zentree	04	New Zealand	Auckland	transport	hexagons	R
zentree	05	New Zealand	_	_	_	R
zentree	06	New Zealand	_	transport	choropleth	R
zentree	07	Chile	Santiago	transport	points	R
zentree	08	New Zealand	Christchurch	_	_	R
zentree	09	New Zealand	_	_	lines	R
zentree	10	Chile	Valparaso	_	_	R
zentree	11	Chile	Santiago	_	_	R
zentree	12	Oceania	_	climate	lines	R
zentree	13	France	Paris	transport	lines	R
zentree	14	New Zealand	_	administrative boundaries	_	R
zentree	15	New Zealand	_	names	_	R,D3.js
zentree	16	Chile	Santiago	_	points	R
zentree	17	New Zealand	_	_	_	QGIS,R
zentree	18	World	_	earthquakes	points	R
zentree	19	New Zealand	Christchurch	_	lines	R
zentree	20	Chile	_	_	choropleth,points	R
zentree	21	New Zealand	_	climate	_	R
zentree	22	Chile	Chimbarongo	_	_	R
zentree	23	New Zealand	Christchurch	population	choropleth	R
zentree	24	World	_	health	choropleth	R
zentree	26	New Zealand	_	_	_	R
zentree	27	New Zealand	Rolleston	_	lines	R
zentree	28	New Zealand	_	_	points	R
zentree	30	Chile,New Zealand,Australia	Valdivia,Palmerston North,Hobart,Christchurch	_	lines	R
zhigus	01	_	_	_	_	_
zhigus	02	_	_	_	_	_
zhigus	03	_	_	_	_	_
Zuev34W	04	_	_	_	_	_
Zuev34W	05	_	_	_	_	_
Zuev34W	06	_	_	_	_	_
Zuev34W	09	_	_	_	_	_
Zuev34W	10	_	_	_	_	_
